year,symbol,gain_pct,low_date,high_date,low_price,high_price,avg_vol_b
2000,ACGN,714.76,2000-01-06,2000-02-25,956.3112,7791.6712,4.31
2000,BBRY,470.7,2000-05-26,2000-10-24,23.25,132.6875,2.84
2000,BCSI,497.7,2000-04-17,2000-09-26,27.0,161.38,6.88
2000,CIEN,565.56,2000-01-06,2000-10-20,158.8125,1057.0,21.9
2000,CTIC,1358.53,2000-01-05,2000-10-20,6374.97,92980.54,1.09
2000,ELON,622.97,2000-01-04,2000-03-14,156.4,1130.73,1.0
2000,ELX,419.72,2000-04-17,2000-12-11,35.5,184.5,5.62
2000,EXTR,508.26,2000-05-25,2000-10-17,21.1875,128.875,5.68
2000,NVDA,403.02,2000-01-31,2000-06-21,0.0729,0.3667,2.04
2000,PDLI,492.98,2000-01-05,2000-03-07,14.25,84.5,2.93
2000,RIMM,470.71,2000-05-26,2000-10-24,23.25,132.69,2.84
2000,RMBS,651.2,2000-01-04,2000-06-23,16.9062,127.0,12.17
2000,SCON,2472.64,2000-01-03,2000-02-29,804619.565,20700000.0,245.64
2000,SONS,778.17,2000-05-25,2000-08-08,53.33,468.33,2.62
2000,SSC,1300.0,2000-02-01,2000-03-30,6773.69,94831.68,31.49
2000,VIAS,675.0,2000-01-04,2000-08-25,9.6,74.4,2.07
2000,VRTX,501.52,2000-01-05,2000-11-01,16.5,99.25,1.36
2000,WCST,1300.0,2000-02-01,2000-03-30,6773.69,94831.68,31.49
2001,ACGN,390.24,2001-01-02,2001-12-11,464.6712,2278.0,1.24
2001,ARBA,416.2,2001-09-27,2001-12-12,1.42,7.33,3.18
2001,AVTA,261.6,2001-04-04,2001-05-02,15.625,56.5,4.53
2001,ELX,405.24,2001-09-27,2001-12-27,8.4,42.44,4.98
2001,EXTR,233.85,2001-09-27,2001-11-27,5.85,19.53,3.01
2001,FDRY,278.96,2001-03-30,2001-08-01,5.94,22.51,1.01
2001,GECXU,247.15,2001-04-03,2001-05-25,13.51,46.9,2.99
2001,LVLT,313.76,2001-10-05,2001-11-15,1.89,7.82,1.66
2001,NTAP,308.83,2001-09-27,2001-12-19,6.0,24.53,5.35
2001,NVDA,397.37,2001-01-03,2001-12-28,0.1177,0.5854,7.75
2001,OPWV,247.15,2001-04-03,2001-05-25,13.51,46.9,3.33
2001,OSAT,277.05,2001-10-19,2001-11-01,6114946500.0,23056357500.0,10074370.54
2001,PLCM,296.25,2001-03-30,2001-12-05,5.3754,21.3,1.03
2001,QLGC,271.43,2001-04-04,2001-06-29,8.906,33.08,7.1
2001,RFMD,328.57,2001-04-04,2001-05-22,8.75,37.5,3.44
2001,SCON,247.92,2001-01-03,2001-01-31,540000.0,1878750.0,30.32
2001,SONS,270.35,2001-09-27,2001-12-07,11.3,41.85,2.07
2001,UPIP,243.46,2001-04-03,2001-05-25,486.36,1670.47,3.33
2002,ACF,153.68,2002-02-06,2002-04-23,18.5,46.93,1.09
2002,AMD,209.68,2002-10-08,2002-12-02,3.1,9.6,1.51
2002,AMZN,176.85,2002-01-16,2002-12-02,0.4515,1.25,2.89
2002,CIEN,195.85,2002-10-07,2002-12-02,16.87,49.91,1.6
2002,ELX,232.36,2002-10-04,2002-11-25,7.85,26.09,3.97
2002,GLW,354.55,2002-10-08,2002-12-02,1.1,5.0,1.01
2002,HAL,167.44,2002-01-04,2002-12-18,4.3,11.5,1.67
2002,JCI,167.91,2002-07-25,2002-12-02,14.533,38.9352,12.72
2002,LRCX,161.09,2002-10-08,2002-11-29,0.663,1.731,1.01
2002,NTAP,187.07,2002-10-08,2002-11-25,5.18,14.87,2.64
2002,OSAT,208.33,2002-09-10,2002-09-16,1202940562.5,3709066500.0,1229189.56
2002,PMCS,240.74,2002-10-09,2002-11-25,2.7,9.2,1.75
2002,RFMD,161.68,2002-08-05,2002-12-02,5.159,13.5,1.92
2002,SANM,241.45,2002-10-16,2002-11-27,9.12,31.14,1.63
2002,TYC,174.98,2002-07-25,2002-09-12,13.841,38.06,12.55
2002,VRSN,181.38,2002-10-09,2002-11-25,3.92,11.03,2.53
2002,WMB,451.25,2002-07-26,2002-08-01,0.6359,3.5054,1.13
2003,ADYX,1303.7,2003-01-08,2003-12-10,710.526,9973.686,12.17
2003,AMD,287.03,2003-02-13,2003-11-13,4.78,18.5,2.14
2003,AMZN,229.65,2003-01-02,2003-10-21,0.9275,3.0575,7.41
2003,BBRY,559.39,2003-03-12,2003-12-24,10.76,70.95,1.54
2003,BRCM,217.81,2003-04-01,2003-11-13,7.901,25.11,5.12
2003,GLW,269.46,2003-01-02,2003-11-07,3.34,12.34,1.7
2003,NTES,612.87,2003-03-10,2003-10-09,0.505,3.6,2.18
2003,OSAT,483.33,2003-01-06,2003-07-30,1202940562.5,7017152625.0,3739502.34
2003,OVTI,433.43,2003-01-27,2003-12-01,6.342,33.83,1.01
2003,PMCS,391.59,2003-02-13,2003-11-14,4.64,22.81,1.3
2003,RIMM,559.39,2003-03-12,2003-12-24,10.76,70.95,1.54
2003,RMBS,383.7,2003-01-02,2003-12-31,6.75,32.65,1.11
2003,SCON,920.0,2003-04-01,2003-12-01,135000.0,1377000.0,28.95
2003,SIRI,813.16,2003-03-14,2003-12-31,3.8,34.7,1.77
2003,SNDK,484.53,2003-01-31,2003-11-07,7.382,43.15,3.68
2003,SOHU,611.48,2003-02-13,2003-07-15,6.1,43.4,1.88
2003,STX,302.96,2003-02-10,2003-10-15,7.78,31.35,1.29
2003,XMSR,1037.5,2003-01-02,2003-12-31,2.4,27.3,1.3
2004,AAPL,228.48,2004-01-02,2004-11-29,0.3782,1.2423,7.27
2004,AAXN,386.66,2004-01-02,2004-12-30,6.8733,33.45,8.51
2004,ADSK,222.15,2004-01-02,2004-12-23,12.1,38.98,1.63
2004,ADYX,294.22,2004-06-18,2004-12-22,3868.422,15250.002,28.19
2004,AEO,201.7,2004-01-05,2004-12-30,5.2767,15.92,1.07
2004,AMD,131.88,2004-08-12,2004-12-06,10.76,24.95,3.61
2004,AUO,132.65,2004-01-02,2004-04-15,12.25,28.5,1.0
2004,AVTA,151.28,2004-01-02,2004-11-15,23.05,57.92,1.09
2004,CME,216.97,2004-01-02,2004-12-31,14.5,45.96,1.51
2004,CREE,138.43,2004-01-02,2004-12-07,17.8,42.44,1.19
2004,ELN,342.59,2004-01-06,2004-11-15,6.88,30.45,2.38
2004,NVDA,168.39,2004-08-06,2004-12-07,0.0775,0.208,2.23
2004,OSIP,235.6,2004-02-24,2004-04-26,29.41,98.7,3.23
2004,OVTI,127.34,2004-08-12,2004-12-03,8.96,20.37,1.53
2004,RMBS,125.69,2004-09-08,2004-12-15,12.34,27.85,1.24
2004,SEPR,149.11,2004-01-02,2004-12-30,24.07,59.96,2.11
2004,SIRI,369.15,2004-08-11,2004-12-07,20.1,94.3,6.27
2004,SSC,316.67,2004-02-24,2004-03-16,2032.11,8467.11,1.14
2004,TASR,386.67,2004-01-02,2004-12-30,6.8732,33.45,8.3
2004,TZOO,1458.03,2004-01-14,2004-12-28,7.1,110.62,1.66
2004,VRSN,141.57,2004-03-23,2004-12-15,14.94,36.09,1.48
2004,WCST,316.67,2004-02-24,2004-03-16,2032.11,8467.11,1.14
2005,AAPL,141.08,2005-01-03,2005-12-13,1.1179,2.695,24.79
2005,ACGN,155.55,2005-01-06,2005-01-25,510.0,1303.3288,3.37
2005,AMD,126.14,2005-04-29,2005-12-29,14.08,31.84,4.13
2005,AMLN,192.14,2005-06-08,2005-12-21,14.5,42.36,1.39
2005,ANDV,154.23,2005-01-14,2005-09-22,14.125,35.91,1.94
2005,BOOM,653.76,2005-01-12,2005-12-27,4.325,32.6,1.1
2005,CAPA,629.41,2005-02-22,2005-03-23,106.25,775.0,4.53
2005,CELG,164.4,2005-01-04,2005-12-30,6.18,16.34,2.09
2005,CME,142.31,2005-04-21,2005-11-25,32.76,79.38,5.12
2005,CTRC,200.44,2005-01-05,2005-05-19,66.07,198.5,1.37
2005,ECA,126.25,2005-01-07,2005-10-03,13.22,29.91,2.64
2005,ELN,383.67,2005-03-31,2005-12-16,3.0,14.51,2.02
2005,EOG,155.85,2005-01-05,2005-12-13,16.025,41.0,3.16
2005,ESRX,148.74,2005-01-28,2005-12-12,9.13,22.71,1.92
2005,GOOGL,158.57,2005-03-14,2005-12-19,4.3186,11.1664,61.63
2005,ISRG,249.65,2005-01-05,2005-12-23,3.9656,13.8656,1.11
2005,NTES,155.66,2005-02-11,2005-09-27,1.8775,4.8,1.34
2005,OCR,115.15,2005-01-24,2005-12-08,29.05,62.5,1.01
2005,OSAT,126.67,2005-01-21,2005-02-07,563878350.0,1278124312.5,12352.18
2005,RHT,176.08,2005-03-18,2005-12-28,10.37,28.63,1.24
2005,SCON,195.05,2005-04-18,2005-08-02,67716.309,199800.0,5.1
2005,SNDK,223.41,2005-01-26,2005-11-03,20.25,65.49,6.09
2005,SWN,137.02,2005-06-08,2005-10-03,35.272,83.6,2.65
2005,TSO,154.41,2005-01-14,2005-09-22,14.115,35.91,1.9
2005,UPL,180.82,2005-04-18,2005-12-13,21.48,60.32,1.34
2005,VLO,179.1,2005-01-06,2005-09-29,19.2002,53.5878,13.47
2006,ACGN,319.39,2006-05-09,2006-12-11,226.6712,950.64,1.21
2006,ADYX,152.83,2006-06-13,2006-08-30,1394.736,3526.314,3.84
2006,AEM,129.04,2006-01-03,2006-12-05,19.94,45.67,1.38
2006,AEO,122.52,2006-01-03,2006-11-15,14.8333,33.0067,2.1
2006,AKAM,190.24,2006-01-03,2006-12-20,19.57,56.8,3.31
2006,ATI,178.32,2006-01-03,2006-12-11,35.47,98.72,4.11
2006,BBRY,133.75,2006-06-13,2006-11-24,61.03,142.66,10.54
2006,BIDU,189.56,2006-02-06,2006-12-06,4.444,12.868,3.62
2006,BRCD,136.93,2006-01-04,2006-11-22,3.98,9.43,1.2
2006,CRM,106.01,2006-07-14,2006-11-13,5.41,11.145,1.3
2006,DRYS,112.47,2006-05-24,2006-12-28,96151935.06,204294583.0,6974.88
2006,GT,118.97,2006-07-18,2006-12-29,9.75,21.35,1.06
2006,HANS,171.75,2006-02-07,2006-07-06,77.6,210.88,4.02
2006,ICE,216.25,2006-01-03,2006-12-11,7.2,22.77,2.62
2006,JDSU,883.0,2006-07-18,2006-11-22,2.0,19.66,2.63
2006,LCC,123.57,2006-01-27,2006-11-24,28.3,63.27,1.45
2006,LVLT,124.72,2006-01-06,2006-10-17,2.71,6.09,2.59
2006,LVS,152.99,2006-01-03,2006-12-06,38.44,97.25,3.03
2006,MA,153.44,2006-05-30,2006-11-27,4.285,10.86,3.36
2006,MNST,171.74,2006-02-07,2006-07-06,1.6167,4.3933,4.21
2006,NTRI,125.16,2006-01-03,2006-05-11,33.9,76.33,1.75
2006,NVDA,126.87,2006-07-14,2006-12-20,0.2862,0.6493,5.81
2006,NYX,130.36,2006-06-13,2006-11-22,48.62,112.0,4.13
2006,OSAT,188.46,2006-09-22,2006-12-05,65159325.0,187959487.5,10973.42
2006,PEIX,347.24,2006-01-18,2006-05-11,9.95,44.5,1.15
2006,RIMM,133.75,2006-06-13,2006-11-24,61.03,142.66,10.54
2006,RMBS,168.51,2006-01-03,2006-04-19,17.5,46.99,3.64
2006,SCON,149.23,2006-07-18,2006-10-17,23400.0,58320.0,1.32
2006,SUNE,116.37,2006-01-03,2006-05-08,22.6,48.8999,2.67
2006,TEX,124.92,2006-01-03,2006-12-20,29.575,66.52,1.5
2006,TIE,157.29,2006-02-17,2006-05-11,37.02,95.25,2.89
2006,UAUA,41172.73,2006-12-15,2006-12-19,0.11,45.4,1.21
2006,WFR,116.37,2006-01-03,2006-05-08,22.6,48.8999,2.67
2007,ACH,323.02,2007-01-09,2007-10-17,21.5,90.95,1.46
2007,ADYX,329.27,2007-01-11,2007-05-02,1078.95,4631.58,6.95
2007,AGU,152.7,2007-01-10,2007-12-27,30.13,76.14,1.49
2007,AKS,234.59,2007-01-05,2007-10-29,16.13,53.97,2.23
2007,AMZN,178.48,2007-01-23,2007-10-23,1.815,5.0545,13.91
2007,ANDV,300.03,2007-01-11,2007-04-30,31.465,125.87,5.25
2007,BB,212.95,2007-05-01,2007-11-07,43.78,137.01,40.23
2007,BIDU,362.49,2007-04-02,2007-11-06,9.28,42.919,22.45
2007,CEO,179.6,2007-02-27,2007-10-31,78.04,218.2,1.17
2007,CF,362.57,2007-01-03,2007-12-27,5.14,23.776,2.06
2007,CHL,154.53,2007-01-10,2007-10-29,40.86,104.0,3.28
2007,CMG,184.73,2007-01-05,2007-12-31,1.0922,3.1098,1.11
2007,CMI,154.71,2007-01-10,2007-10-11,28.16,71.725,4.28
2007,CNX,154.48,2007-01-05,2007-12-26,24.2917,61.8167,2.6
2007,CY,159.67,2007-01-03,2007-11-08,3.563,9.252,2.33
2007,DD,1025.81,2007-06-01,2007-07-17,5.758,64.8243,4.44
2007,DNDN,607.28,2007-03-21,2007-04-10,3.57,25.25,2.06
2007,DRYS,679.47,2007-01-31,2007-10-29,190607071.94,1485717083.0,53023.95
2007,DWDP,1025.82,2007-06-01,2007-07-17,4.26,47.96,5.66
2007,DXTR,269.51,2007-01-16,2007-10-05,41.0,151.5,1.0
2007,FSLR,927.6,2007-01-22,2007-12-27,27.54,283.0,6.8
2007,FWLT,262.3,2007-01-10,2007-12-07,46.5,168.47,3.84
2007,GME,155.59,2007-03-05,2007-12-07,6.2375,15.9425,2.22
2007,GRMN,159.35,2007-01-22,2007-10-24,48.46,125.68,6.47
2007,ISRG,317.16,2007-01-11,2007-12-10,9.5778,39.9544,4.33
2007,JASO,372.51,2007-02-12,2007-12-26,26.99,127.53,1.59
2007,JEC,160.44,2007-01-10,2007-12-28,38.25,99.62,1.5
2007,LDK,244.63,2007-06-12,2007-09-27,22.27,76.75,3.27
2007,LFC,197.63,2007-03-05,2007-10-17,11.968,35.62,2.28
2007,MDR,183.69,2007-01-10,2007-10-11,34.22,97.08,2.35
2007,NOV,205.12,2007-01-11,2007-10-15,24.2335,73.9405,6.78
2007,ONXX,479.91,2007-01-03,2007-11-14,10.55,61.18,1.32
2007,OSAT,566.67,2007-03-08,2007-07-19,37591875.0,250612650.0,44236.57
2007,PBR,187.97,2007-03-05,2007-11-08,20.69,59.58,8.96
2007,PCLN,188.68,2007-01-26,2007-12-05,41.8,120.67,1.71
2007,PCU,191.4,2007-01-04,2007-10-11,49.16,143.25,4.26
2007,PKX,167.07,2007-01-10,2007-10-02,75.26,201.0,2.07
2007,POT,244.61,2007-01-10,2007-12-27,14.692,50.63,5.73
2007,RCAT,299.87,2007-06-12,2007-06-13,3224880000.0,12895200000.0,1.06
2007,SCON,897.83,2007-08-06,2007-10-30,24840.0,247860.0,3.23
2007,SGR,170.28,2007-03-05,2007-10-26,28.6,77.3,1.18
2007,SHAW,170.28,2007-03-05,2007-10-26,28.6,77.3,1.18
2007,SPWR,364.66,2007-01-04,2007-11-08,23.1827,107.721,2.89
2007,SPWRA,364.66,2007-01-04,2007-11-08,35.4,164.49,2.89
2007,STP,182.23,2007-06-08,2007-12-24,31.41,88.65,2.89
2007,TRA,343.63,2007-01-05,2007-12-27,11.53,51.15,1.45
2007,VALE.P,177.72,2007-01-10,2007-10-31,11.58,32.16,3.44
2007,WCG,1882.0,2007-10-25,2007-12-12,2.5,49.55,1.92
2007,YGE,295.99,2007-06-08,2007-12-26,104.8,415.0,1.14
2008,ABK,869.23,2008-07-02,2008-09-08,1.04,10.08,2.16
2008,AIG,356.0,2008-09-16,2008-09-23,25.0,114.0,19.35
2008,ANR,444.25,2008-01-22,2008-07-16,21.92,119.3,5.04
2008,BIG,184.92,2008-01-09,2008-09-19,12.4,35.33,1.53
2008,BIGGQ,184.92,2008-01-09,2008-09-19,12.4,35.33,1.53
2008,BRL,437.73,2008-11-19,2008-12-22,12.59,67.7,2.43
2008,CLF,215.73,2008-01-23,2008-06-30,38.625,121.95,5.78
2008,CLR,307.03,2008-01-22,2008-07-11,10.294,41.9,1.33
2008,CRK,217.71,2008-01-23,2008-07-02,142.6,453.05,1.3
2008,CSIQ,251.42,2008-01-22,2008-06-19,14.74,51.8,1.4
2008,CX,183.04,2008-11-21,2008-12-10,3.0473,8.6251,2.8
2008,DAL,200.0,2008-07-15,2008-11-04,4.0,12.0,2.33
2008,DDR,249.5,2008-10-23,2008-11-04,8.04,28.1,1.3
2008,DISCA,3814.86,2008-09-18,2008-09-19,1.48,57.94,1.04
2008,DRYS,352.63,2008-11-21,2008-12-18,35739677.737,161769069.0,63774.29
2008,ENER,307.08,2008-01-22,2008-06-23,20.47,83.33,2.49
2008,F,250.5,2008-11-20,2008-12-08,1.01,3.54,6.89
2008,FHN,246.57,2008-07-14,2008-09-18,4.3172,14.9621,1.21
2008,FNM,688.57,2008-09-17,2008-09-25,0.35,2.76,10.23
2008,FRE,1080.0,2008-09-16,2008-09-25,0.25,2.95,7.09
2008,GDP,417.6,2008-01-22,2008-07-02,16.65,86.18,1.09
2008,GGP,937.33,2008-11-12,2008-12-12,0.1851,1.9201,2.57
2008,GNW,470.0,2008-11-21,2008-12-16,0.7,3.99,1.7
2008,HIG,362.02,2008-11-21,2008-12-18,4.16,19.22,4.92
2008,HQCL,231.5,2008-03-10,2008-05-21,88.06,291.92,1.49
2008,HSOL,225.92,2008-03-10,2008-05-21,8.95,29.17,1.49
2008,JASO,190.29,2008-11-20,2008-12-31,7.837,22.75,2.18
2008,JRCC,760.68,2008-01-22,2008-06-19,7.3,62.83,1.23
2008,KGC,178.39,2008-10-24,2008-12-17,6.85,19.07,3.02
2008,LCC,675.17,2008-07-15,2008-11-03,1.45,11.24,1.14
2008,LEHMQ,700.0,2008-09-18,2008-09-25,0.05,0.4,17.29
2008,LEN,230.41,2008-11-21,2008-12-18,3.3628,11.1111,2.28
2008,LNC,318.91,2008-11-20,2008-12-08,4.76,19.94,2.42
2008,LVS,289.12,2008-10-28,2008-11-03,4.32,16.81,4.53
2008,MAC,184.48,2008-11-21,2008-12-22,7.6941,21.8878,1.57
2008,MBI,427.07,2008-06-30,2008-09-08,3.62,19.08,2.37
2008,MEE,264.99,2008-01-22,2008-06-30,26.22,95.7,4.64
2008,MS,260.66,2008-10-10,2008-10-14,6.71,24.2,17.76
2008,NCC,235.2,2008-09-29,2008-10-03,1.25,4.19,3.78
2008,PCX,409.45,2008-01-22,2008-06-19,32.28,164.45,1.61
2008,PCXCQ,409.45,2008-01-22,2008-06-19,16.14,82.225,1.06
2008,RF,208.89,2008-07-15,2008-09-19,6.41,19.8,3.75
2008,SITC,290.75,2008-12-01,2008-12-08,2.5742,10.0588,1.29
2008,SLG,274.19,2008-11-21,2008-12-08,8.2283,30.7898,1.8
2008,SOV,195.45,2008-09-29,2008-10-03,2.2,6.5,1.63
2008,TFC,549.14,2008-01-02,2008-09-19,6.98,45.31,5.45
2008,UAUA,497.5,2008-07-15,2008-11-03,2.8,16.73,2.97
2008,VIP,199.84,2008-10-24,2008-11-04,6.39,19.16,2.22
2008,WLT,263.84,2008-01-22,2008-07-02,30.78,111.99,3.29
2008,XL,285.22,2008-10-09,2008-10-14,3.45,13.29,2.18
2008,YRCW,420.11,2008-11-20,2008-12-04,9026.87,46950.0,5.07
2008,ZION,213.18,2008-07-15,2008-09-19,17.53,54.9,2.86
2009,AFL,340.9,2009-03-09,2009-12-16,5.415,23.875,4.35
2009,AIG,746.97,2009-03-06,2009-08-28,6.6,55.9,12.91
2009,AKS,350.09,2009-03-02,2009-09-17,5.39,24.26,2.8
2009,AMD,439.78,2009-01-23,2009-12-28,1.86,10.04,2.4
2009,BAC,654.94,2009-02-20,2009-10-15,2.53,19.1,77.48
2009,BCS,833.8,2009-01-23,2009-09-16,2.5346,23.6682,1.1
2009,BRCD,384.73,2009-03-06,2009-10-09,2.03,9.84,2.41
2009,BUCY,464.5,2009-03-03,2009-12-28,10.62,59.95,1.67
2009,CBS,375.82,2009-03-09,2009-12-16,3.06,14.56,2.1
2009,COF,450.0,2009-03-09,2009-10-23,7.8,42.9,6.44
2009,DD,400.85,2009-03-10,2009-11-17,7.9611,39.8732,6.18
2009,DNDN,1107.14,2009-03-09,2009-09-22,2.52,30.42,1.69
2009,DOMH,500.0,2009-01-23,2009-05-12,16952390510.6001,101714343063.6,19.98
2009,DWDP,400.85,2009-03-10,2009-11-17,5.89,29.5,6.18
2009,ETFC,391.53,2009-03-12,2009-04-17,5.9,29.0,1.67
2009,F,591.33,2009-02-20,2009-12-28,1.5,10.37,9.8
2009,FNM,507.01,2009-03-09,2009-08-25,0.3509,2.13,1.44
2009,GNW,1653.85,2009-03-06,2009-09-17,0.78,13.68,2.69
2009,GT,494.32,2009-03-06,2009-08-04,3.17,18.84,1.37
2009,HGSI,6877.78,2009-03-11,2009-12-23,0.45,31.4,1.87
2009,HIG,788.59,2009-03-06,2009-10-12,3.33,29.59,5.64
2009,IP,607.12,2009-03-06,2009-12-23,3.6702,25.9529,2.45
2009,LNC,473.47,2009-03-09,2009-10-12,4.9,28.1,2.84
2009,LVS,1402.17,2009-03-09,2009-09-16,1.38,20.73,8.12
2009,MAC,646.97,2009-03-30,2009-12-28,5.046,37.6923,1.29
2009,MEE,361.54,2009-03-06,2009-12-28,9.62,44.4,2.67
2009,MGM,687.29,2009-03-06,2009-09-16,1.81,14.25,4.52
2009,OSAT,2037.5,2009-08-31,2009-09-14,134328.375,2871268.875,58729.56
2009,PALM,498.99,2009-01-02,2009-09-23,3.0201,18.09,2.73
2009,PARA,375.82,2009-03-09,2009-12-16,3.06,14.56,2.12
2009,PFG,470.61,2009-03-09,2009-09-16,5.41,30.87,2.07
2009,PRU,426.72,2009-03-09,2009-09-17,10.63,55.99,5.51
2009,RCL,407.22,2009-03-03,2009-12-16,5.4,27.39,1.46
2009,SLG,563.58,2009-03-06,2009-12-28,8.5999,57.0673,1.69
2009,STX,523.83,2009-01-23,2009-12-31,2.98,18.59,2.53
2009,TGNA,764.32,2009-03-10,2009-12-28,0.9678,8.3649,1.23
2009,TXT,488.24,2009-03-06,2009-11-11,3.57,21.0,1.74
2009,VIAC,375.82,2009-03-09,2009-12-16,3.06,14.56,2.12
2009,VIP,368.81,2009-03-09,2009-11-16,4.81,22.55,1.31
2009,WHR,342.99,2009-03-09,2009-12-22,19.19,85.01,2.11
2009,WLT,427.19,2009-03-03,2009-12-24,15.19,80.08,2.04
2009,WYNN,416.55,2009-03-06,2009-09-23,14.5,74.9,3.83
2009,XL,643.16,2009-02-02,2009-12-28,2.56,19.025,1.52
2009,YGE,409.22,2009-03-02,2009-12-22,33.29,169.52,1.31
2009,YRCW,595.0,2009-07-08,2009-09-24,6675.0,46391.24,1.14
2010,AIG,186.35,2010-02-05,2010-12-28,21.54,61.68,7.12
2010,AKAM,123.06,2010-01-29,2010-12-08,24.5,54.65,3.85
2010,APC,128.66,2010-06-09,2010-12-31,34.54,78.98,7.77
2010,ATML,195.57,2010-02-09,2010-12-13,4.29,12.68,1.16
2010,BEXP,123.77,2010-01-27,2010-12-07,12.58,28.15,1.31
2010,BHC,125.81,2010-02-05,2010-12-15,13.64,30.8,1.25
2010,BIDU,199.07,2010-01-12,2010-11-11,38.466,115.04,20.79
2010,BKNG,147.0,2010-06-08,2010-11-09,173.32,428.1,7.01
2010,BPOP,148.82,2010-02-10,2010-04-30,17.0,42.3,1.05
2010,CF,141.04,2010-06-08,2010-12-30,11.512,27.748,4.77
2010,CMG,205.55,2010-01-07,2010-11-30,1.72,5.2554,2.49
2010,CMI,149.49,2010-01-27,2010-12-31,44.84,111.87,4.32
2010,CNP,199.82,2010-05-06,2010-11-04,5.67,17.0,1.2
2010,CRM,150.85,2010-02-05,2010-12-09,15.075,37.815,5.6
2010,CRUS,240.29,2010-02-05,2010-07-27,6.23,21.2,1.37
2010,CTRC,172.71,2010-01-04,2010-04-08,39.6426,108.11,1.57
2010,DECK,182.45,2010-02-05,2010-12-20,5.1856,14.6467,1.55
2010,DFFN,140.74,2010-11-12,2010-12-16,202500.0,487500.0,2.48
2010,DNDN,119.7,2010-01-04,2010-04-30,26.25,57.67,3.47
2010,FFIV,205.14,2010-02-05,2010-12-13,47.11,143.75,3.59
2010,GGP,142.33,2010-02-01,2010-11-29,6.617,16.035,1.12
2010,HL,169.79,2010-02-05,2010-12-29,4.27,11.52,1.46
2010,ILMN,123.76,2010-01-05,2010-12-15,28.9494,64.7763,1.41
2010,JASO,142.65,2010-01-29,2010-10-14,21.1,51.2,1.21
2010,LCC,174.27,2010-01-27,2010-11-04,4.47,12.26,1.56
2010,LULU,189.71,2010-02-05,2010-12-20,12.875,37.3,1.18
2010,LUMN,231.0,2010-05-06,2010-12-21,14.16,46.87,2.76
2010,LVS,272.78,2010-02-05,2010-11-05,14.88,55.47,21.0
2010,MBI,225.19,2010-01-04,2010-10-20,4.05,13.17,1.16
2010,MCP,356.36,2010-07-29,2010-12-28,12.1,55.22,1.7
2010,MTG,138.75,2010-01-25,2010-04-16,5.78,13.8,1.18
2010,NFLX,331.25,2010-01-25,2010-12-01,6.9314,29.8914,11.47
2010,OSAT,779.99,2010-06-15,2010-12-31,20989.125,184701.375,63.58
2010,OUTR,166.3,2010-01-27,2010-11-26,25.37,67.56,1.22
2010,PCLN,147.1,2010-06-08,2010-11-09,173.32,428.27,6.9
2010,PCS,134.24,2010-01-29,2010-12-09,5.52,12.93,1.17
2010,RDN,205.73,2010-02-05,2010-04-23,6.11,18.68,1.1
2010,ROVI,126.41,2010-02-05,2010-12-31,27.6,62.49,1.08
2010,RVBD,175.71,2010-01-22,2010-11-04,22.1501,61.07,1.45
2010,SIRI,177.05,2010-01-04,2010-12-23,6.1,16.9,1.9
2010,SLW,224.69,2010-02-05,2010-12-07,13.04,42.34,3.56
2010,SWKS,135.36,2010-01-29,2010-12-30,12.64,29.75,1.93
2010,TMUS,134.24,2010-01-29,2010-12-09,11.04,25.86,1.19
2010,TRW,157.42,2010-02-12,2010-12-14,21.3,54.83,1.22
2010,VMW,123.78,2010-01-22,2010-12-13,41.09,91.95,3.66
2010,VRX,130.13,2010-02-05,2010-12-15,13.41,30.86,1.35
2010,WLT,127.79,2010-07-01,2010-12-30,57.62,131.25,3.9
2010,WPM,224.69,2010-02-05,2010-12-07,13.04,42.34,3.59
2010,ZION,135.17,2010-01-04,2010-04-26,12.88,30.29,2.51
2011,ADYX,129.01,2011-04-19,2011-04-29,344.736,789.474,4.26
2011,ALU,127.84,2011-01-10,2011-05-02,2.9099,6.63,2.52
2011,ARO,95.41,2011-09-22,2011-11-08,9.16,17.9,1.02
2011,BHC,103.99,2011-01-03,2011-07-27,28.06,57.24,2.52
2011,CANB,900.0,2011-04-29,2011-07-11,101250000.0,1012500000.0,5.72
2011,COG,145.37,2011-01-05,2011-11-11,9.17,22.5,2.46
2011,CPX,121.2,2011-10-04,2011-12-05,16.46,36.41,1.3
2011,CVI,103.51,2011-01-04,2011-09-08,14.55,29.61,1.15
2011,CX,147.14,2011-10-04,2011-12-23,1.794,4.4337,1.84
2011,DDAY,53800.0,2011-02-07,2011-02-10,16.0,8624.0,2.8
2011,FMCN,160.18,2011-11-21,2011-12-09,8.79,22.87,1.63
2011,FOSL,104.36,2011-01-25,2011-07-20,66.05,134.98,2.14
2011,FST,93.92,2011-10-03,2011-12-07,8.88,17.22,1.6
2011,FSTO,93.92,2011-10-03,2011-12-07,8.88,17.22,1.6
2011,FTO,93.43,2011-01-25,2011-06-30,17.36,33.58,1.7
2011,GMCR,254.35,2011-02-02,2011-09-20,32.73,115.9799,6.26
2011,HFC,95.28,2011-01-06,2011-07-05,19.92,38.9,2.1
2011,HLF,102.85,2011-01-24,2011-10-31,15.6275,31.7,1.44
2011,HS,105.81,2011-01-03,2011-11-22,26.68,54.91,1.05
2011,IDCC,138.37,2011-06-08,2011-07-21,34.61,82.5,1.67
2011,JDSU,100.55,2011-01-04,2011-02-14,14.52,29.12,3.82
2011,LDK,113.33,2011-10-04,2011-12-22,2.55,5.44,1.03
2011,LULU,97.52,2011-01-05,2011-07-20,32.65,64.49,4.0
2011,LVLT,2753.06,2011-01-03,2011-10-27,0.98,27.96,1.08
2011,MCP,96.67,2011-01-24,2011-05-03,40.25,79.16,6.05
2011,MELI,97.68,2011-10-03,2011-12-06,48.3,95.48,1.01
2011,MPEL,150.0,2011-02-23,2011-08-01,6.46,16.15,1.79
2011,MTBL,95.6,2011-06-24,2011-07-07,91.95,179.85,17.51
2011,OLED,165.2,2011-08-08,2011-09-20,22.73,60.28,1.3
2011,OSAT,400.0,2011-01-03,2011-05-02,167910.75,839552.625,360.4
2011,PCX,94.08,2011-10-04,2011-10-28,6.92,13.43,2.48
2011,PCXCQ,94.08,2011-10-04,2011-10-28,6.92,13.43,2.5
2011,PHM,100.3,2011-10-04,2011-12-06,3.29,6.59,1.33
2011,PMCB,700.0,2011-01-26,2011-06-01,30225.0,241800.0,1.15
2011,PSKY,120.91,2011-10-04,2011-12-30,35.125,77.5933,4.22
2011,REGN,147.22,2011-01-12,2011-09-21,32.32,79.9,1.27
2011,RENN,95.6,2011-06-24,2011-07-07,91.95,179.85,1.14
2011,SASI,278.57,2011-01-03,2011-03-28,140.0,530.0,1.51
2011,SCON,186.99,2011-01-04,2011-03-03,26280.0,75420.0,1.07
2011,SFSF,105.09,2011-08-19,2011-12-06,19.46,39.91,1.49
2011,SGI,92.41,2011-01-20,2011-07-27,9.72,18.7025,1.82
2011,SODA,195.26,2011-01-05,2011-08-01,27.0,79.72,1.23
2011,SOGC,93.92,2011-10-03,2011-12-07,8.88,17.22,1.62
2011,STX,105.52,2011-10-04,2011-11-07,9.05,18.6,3.31
2011,TBL,94.05,2011-01-10,2011-04-28,23.5608,45.72,1.07
2011,TEX,99.03,2011-10-04,2011-10-27,9.3,18.51,1.33
2011,TZOO,186.82,2011-02-23,2011-04-25,36.19,103.8,1.13
2011,ULTA,124.7,2011-01-03,2011-12-05,33.69,75.7,1.0
2011,URI,139.89,2011-08-19,2011-12-22,12.81,30.73,1.19
2011,VIAV,100.55,2011-01-04,2011-02-14,8.2594,16.5643,3.85
2011,VRX,103.96,2011-01-03,2011-07-27,28.08,57.271,2.44
2011,WGHTQ,137.43,2011-01-04,2011-05-26,36.63,86.97,1.49
2011,WNR,115.56,2011-01-25,2011-07-25,10.09,21.75,1.18
2011,WW,137.43,2011-01-04,2011-05-26,36.63,86.97,1.49
2011,YOKU,138.33,2011-02-11,2011-04-20,29.35,69.95,2.09
2012,AMLN,190.45,2012-01-05,2012-08-08,10.68,31.02,2.23
2012,AMRN,160.36,2012-01-05,2012-07-19,122.6,319.2,1.21
2012,ANDV,118.63,2012-05-08,2012-12-17,20.77,45.41,2.33
2012,AOL,196.02,2012-01-04,2012-11-06,14.84,43.93,1.03
2012,ARIA,107.18,2012-01-03,2012-10-17,12.26,25.4,1.03
2012,ARNA,800.06,2012-01-05,2012-06-27,15.0122,135.119,1.97
2012,BAC,108.01,2012-01-04,2012-12-27,5.62,11.69,34.56
2012,BB,128.46,2012-09-24,2012-12-14,6.22,14.21,5.68
2012,BBRY,128.46,2012-09-24,2012-12-14,6.22,14.21,5.63
2012,CANB,929.41,2012-03-30,2012-07-27,34425000.0,354375000.0,10.91
2012,CIE,134.03,2012-01-09,2012-02-10,234.6,549.04,1.18
2012,CPRI,129.88,2012-01-05,2012-11-02,25.5,58.62,2.98
2012,CRUS,189.93,2012-01-04,2012-09-07,15.69,45.49,1.74
2012,CX,105.26,2012-06-14,2012-12-20,4.0603,8.3343,2.16
2012,DMK,809.1,2012-02-23,2012-10-22,143.9021,1308.2168,1.65
2012,DNDN,133.11,2012-01-04,2012-02-07,7.31,17.04,1.26
2012,EQIX,114.14,2012-01-04,2012-09-13,99.0,212.0,3.6
2012,EXPE,124.13,2012-01-13,2012-11-29,28.02,62.8,3.2
2012,FSLR,192.04,2012-06-04,2012-12-19,11.43,33.38,2.99
2012,GAP,113.24,2012-01-09,2012-10-05,17.75,37.85,4.01
2012,GMCR,149.74,2012-07-23,2012-12-20,17.11,42.73,4.68
2012,HGSI,121.6,2012-01-04,2012-04-24,6.99,15.49,1.57
2012,INHX,208.18,2012-01-04,2012-02-13,8.44,26.01,1.55
2012,KBH,167.8,2012-06-04,2012-10-19,6.46,17.3,1.46
2012,KORS,129.88,2012-01-05,2012-11-02,25.5,58.62,2.92
2012,LCC,191.95,2012-01-04,2012-07-13,4.97,14.51,1.64
2012,LNG,121.81,2012-01-10,2012-04-27,8.53,18.92,1.71
2012,LNKD,104.8,2012-01-04,2012-09-14,61.28,125.5,5.7
2012,MCP,104.35,2012-11-16,2012-12-11,5.75,11.75,1.85
2012,MDVN,161.84,2012-01-05,2012-10-05,11.232,29.41,1.08
2012,MLNX,300.17,2012-01-23,2012-09-06,30.0,120.05,1.37
2012,MPC,109.79,2012-01-09,2012-12-19,15.12,31.72,3.24
2012,MTBL,132.15,2012-01-09,2012-04-16,50.85,118.05,9.11
2012,NOK,166.87,2012-07-18,2012-12-19,1.63,4.35,3.08
2012,ONXX,160.79,2012-03-06,2012-10-17,35.73,93.18,1.64
2012,OSAT,150.0,2012-10-05,2012-10-31,67163.625,167910.75,116.88
2012,PCS,162.39,2012-06-26,2012-10-02,5.53,14.51,1.56
2012,PGN,115.6,2012-11-13,2012-12-24,1.41,3.04,1.05
2012,PHM,196.08,2012-01-04,2012-12-19,6.37,18.86,3.18
2012,REGN,237.35,2012-01-04,2012-11-29,56.01,188.95,2.51
2012,RIMM,128.46,2012-09-24,2012-12-14,6.22,14.21,5.63
2012,SNCA,366.67,2012-08-27,2012-09-13,109.2,509.6,3.52
2012,STX,120.3,2012-01-04,2012-08-17,16.21,35.71,6.48
2012,TMUS,162.39,2012-06-26,2012-10-02,11.06,29.02,1.62
2012,TRNX,280.15,2012-02-24,2012-05-01,29002.93,110254.415,1.39
2012,TSO,118.63,2012-05-08,2012-12-17,20.77,45.41,2.33
2012,VNE,253.85,2012-01-09,2012-05-09,2091.5801,7400.98,137.14
2012,VRTX,106.3,2012-01-04,2012-05-15,32.04,66.1,2.85
2012,VVUS,267.18,2012-02-22,2012-07-18,8.5,31.21,2.09
2012,WHR,118.38,2012-01-04,2012-12-18,47.72,104.21,2.39
2013,AAMRQ,1584.97,2013-01-02,2013-11-12,0.8012,13.5,1.06
2013,ACGN,2445.55,2013-03-13,2013-12-31,25.3776,646.0,4.17
2013,ADYX,406.39,2013-01-02,2013-12-02,100.002,506.4,2.34
2013,ARIA,260.47,2013-10-31,2013-12-20,2.15,7.75,1.52
2013,BBY,292.44,2013-01-09,2013-11-13,11.38,44.66,4.35
2013,BYU,223.71,2013-08-13,2013-08-15,9359375.0,30296875.0,34.06
2013,CANB,2357.38,2013-08-15,2013-12-03,123525.0,3035475.0,1.04
2013,CENN,199.67,2013-07-23,2013-07-30,9000000.0,26970000.0,131.86
2013,CHFS,184.07,2013-04-22,2013-08-26,40740.0,115731.21,2.04
2013,CREE,143.43,2013-01-08,2013-08-13,31.22,76.0,2.76
2013,CTRP,223.52,2013-04-05,2013-10-02,9.44,30.54,1.88
2013,DAL,145.95,2013-01-02,2013-11-29,11.97,29.44,5.78
2013,DDD,242.18,2013-03-18,2013-12-27,27.88,95.4,4.86
2013,DECK,145.99,2013-01-10,2013-12-04,5.95,14.6367,1.51
2013,DMK,250.0,2013-11-20,2013-12-05,237.8601,832.5035,1.32
2013,DRYS,210.56,2013-01-02,2013-12-27,18927921.6538,58782364.9,2485.84
2013,ENDP,170.47,2013-01-04,2013-12-30,25.005,67.63,1.84
2013,FB,158.4,2013-06-06,2013-12-24,22.67,58.58,47.75
2013,FOX,171.74,2013-06-27,2013-11-06,12.9505,35.1923,1.37
2013,FSLR,169.79,2013-03-04,2013-11-14,24.46,65.99,5.15
2013,GME,158.92,2013-01-11,2013-11-14,5.575,14.435,2.46
2013,GRPN,200.94,2013-02-28,2013-09-19,84.8,255.2,3.19
2013,HIMX,534.58,2013-01-02,2013-12-31,2.4,15.23,1.1
2013,HLF,165.08,2013-02-04,2013-12-20,15.42,40.875,4.35
2013,INPX,1625.0,2013-02-11,2013-12-04,24300000.0,419175008.0,75.82
2013,JAZZ,153.13,2013-04-16,2013-12-30,50.76,128.49,1.17
2013,LNG,144.54,2013-01-02,2013-12-09,18.97,46.39,2.31
2013,META,158.4,2013-06-06,2013-12-24,22.67,58.58,48.42
2013,MTG,268.22,2013-02-28,2013-12-26,2.36,8.69,1.33
2013,MU,266.98,2013-01-02,2013-12-09,6.45,23.67,11.19
2013,NFLX,329.11,2013-01-02,2013-10-22,12.9557,55.5943,19.1
2013,NOK,170.86,2013-04-19,2013-11-22,3.02,8.18,3.83
2013,NUS,279.4,2013-01-03,2013-12-23,36.85,139.8099,1.86
2013,OSAT,200.0,2013-02-25,2013-04-12,33582.375,100746.0,26.77
2013,P,250.6,2013-01-02,2013-11-15,9.11,31.94,3.24
2013,PMCB,780.0,2013-01-29,2013-05-13,58125.0,511500.0,8.53
2013,POAI,821.47,2013-02-28,2013-08-27,35953125.0,331296562.5,2.18
2013,QCOR,202.06,2013-01-31,2013-08-26,24.75,74.76,1.82
2013,QIHU,248.49,2013-03-18,2013-10-21,27.76,96.74,2.98
2013,RDN,153.77,2013-01-15,2013-10-30,5.97,15.15,1.58
2013,SASI,2108.0,2013-01-04,2013-11-27,25.0,552.0,18.64
2013,SCTY,446.44,2013-01-02,2013-11-04,11.95,65.3,2.41
2013,SNCA,204.0,2013-04-08,2013-12-31,260.0,790.4,7.16
2013,SPLK,165.38,2013-01-08,2013-11-25,28.25,74.97,1.36
2013,SPWR,505.99,2013-01-02,2013-10-21,3.8245,23.1762,1.77
2013,STZ,152.45,2013-01-31,2013-12-11,28.37,71.62,2.55
2013,SUNE,322.94,2013-01-02,2013-12-04,3.27,13.83,1.17
2013,TCOM,223.74,2013-04-05,2013-10-02,9.435,30.545,1.97
2013,TLGT,239.0,2013-01-03,2013-12-02,100000.0,339000.0,1.85
2013,TSLA,505.73,2013-01-11,2013-09-30,2.1407,12.9667,22.32
2013,VJET,262.69,2013-10-18,2013-11-18,96.5,350.0,1.75
2013,WOLF,143.43,2013-01-08,2013-08-13,31.22,76.0,2.81
2013,YELP,293.99,2013-01-02,2013-10-21,19.13,75.37,2.44
2013,ZG,267.86,2013-01-03,2013-09-04,8.7309,32.1172,1.38
2014,AAL,118.04,2014-01-02,2014-12-31,25.06,54.64,10.11
2014,ACGN,147.03,2014-10-10,2014-12-30,263.16,650.08,23.65
2014,AKS,96.37,2014-01-27,2014-08-26,5.79,11.37,1.32
2014,ALNY,137.06,2014-04-28,2014-12-08,47.03,111.49,1.16
2014,AMBA,168.52,2014-05-09,2014-12-04,21.6,58.0,1.16
2014,ATHL,116.8,2014-01-14,2014-11-12,26.97,58.47,1.36
2014,BITA,262.66,2014-01-27,2014-08-26,27.1,98.28,1.4
2014,CALA,414.29,2014-10-10,2014-12-15,2604.0,13392.0,2.08
2014,CAR,96.18,2014-02-03,2014-08-18,35.56,69.76,2.19
2014,CENN,566.48,2014-01-17,2014-08-11,1575000.0,10497000.0,52.57
2014,CNC,96.84,2014-04-17,2014-12-19,13.7775,27.12,1.17
2014,CTRP,93.89,2014-01-27,2014-09-04,17.9845,34.87,3.09
2014,EA,128.38,2014-01-16,2014-12-26,21.25,48.53,2.99
2014,EW,113.02,2014-02-03,2014-12-08,10.5067,22.3817,2.07
2014,FANG,112.02,2014-01-14,2014-06-18,44.02,93.33,1.75
2014,FEYE,140.91,2014-01-02,2014-03-05,40.41,97.35,4.44
2014,GLNG,123.21,2014-01-27,2014-09-19,33.35,74.44,1.63
2014,GMCR,116.77,2014-01-02,2014-11-18,73.29,158.87,5.46
2014,GPRO,233.82,2014-06-27,2014-10-07,29.498,98.47,11.23
2014,IBN,99.03,2014-02-03,2014-12-05,5.6273,11.2,1.53
2014,ICPT,662.04,2014-01-07,2014-01-10,65.22,497.0,2.85
2014,INCY,100.45,2014-04-15,2014-12-08,40.3,80.78,1.87
2014,INPX,300.44,2014-01-28,2014-03-13,273375000.0,1094715008.0,1678.71
2014,IONS,201.66,2014-05-09,2014-12-19,22.25,67.12,2.0
2014,ISIS,201.66,2014-05-09,2014-12-19,22.25,67.12,1.81
2014,ITMN,577.99,2014-02-05,2014-09-19,10.95,74.24,2.77
2014,JBLU,113.01,2014-04-28,2014-12-31,7.61,16.21,1.8
2014,JCP,130.61,2014-02-04,2014-09-12,4.9,11.3,3.51
2014,LNG,110.24,2014-02-06,2014-09-18,40.43,85.0,4.36
2014,LUV,129.98,2014-01-02,2014-12-31,18.78,43.19,4.62
2014,MDVN,115.56,2014-04-14,2014-12-04,27.19,58.61,1.83
2014,MNDT,140.91,2014-01-02,2014-03-05,40.41,97.35,4.66
2014,MNK,101.15,2014-01-06,2014-12-22,50.47,101.52,2.71
2014,MNKD,202.11,2014-03-31,2014-06-30,19.0,57.4,1.3
2014,ODP,132.03,2014-04-16,2014-12-29,38.4,89.1,1.09
2014,OSAT,450.0,2014-06-13,2014-06-18,10125.0,55687.5,48.87
2014,PANW,134.37,2014-01-02,2014-12-26,9.1167,21.3667,3.17
2014,PBR,105.29,2014-03-17,2014-09-03,10.2,20.94,8.51
2014,PBR.A,107.69,2014-03-18,2014-09-03,10.66,22.14,3.67
2014,PBYI,420.92,2014-06-04,2014-08-26,53.63,279.37,1.29
2014,PLUG,520.11,2014-01-02,2014-03-11,1.89,11.72,2.59
2014,PMCB,2984.58,2014-02-06,2014-02-28,46732.5,1441500.0,46.37
2014,QCOR,104.99,2014-01-08,2014-07-14,47.71,97.8,2.97
2014,RFMD,280.67,2014-01-10,2014-12-31,4.5,17.13,2.22
2014,SAF,302632.06,2014-01-02,2014-12-09,10.6,32089.5996,1.98
2014,SAVE,96.93,2014-02-05,2014-12-08,43.34,85.35,1.38
2014,SIG,93.73,2014-01-13,2014-11-25,69.49,134.62,2.23
2014,SLCA,202.43,2014-01-31,2014-09-03,24.28,73.43,1.99
2014,SLXP,96.72,2014-01-07,2014-09-24,87.93,172.98,3.44
2014,SWKS,175.62,2014-01-02,2014-12-23,27.2,74.97,3.61
2014,TCOM,93.94,2014-01-27,2014-09-04,17.98,34.87,3.34
2014,THMO,220.79,2014-01-02,2014-01-22,1818000.0,5832000.0,5.18
2014,TLGT,284.98,2014-01-03,2014-12-03,293000.0,1128000.0,35.54
2014,TLM,127.75,2014-12-08,2014-12-23,3.46,7.88,1.32
2014,TSLA,113.23,2014-01-14,2014-09-04,9.1114,19.428,32.18
2014,VIPS,209.19,2014-01-07,2014-11-11,8.021,24.8,3.96
2014,VNE,126.53,2014-05-14,2014-11-25,3941.8301,8929.4404,151.32
2014,VRTX,107.98,2014-04-15,2014-12-19,59.79,124.35,3.3
2014,X,107.17,2014-06-03,2014-09-17,22.47,46.55,4.58
2014,YPF,98.76,2014-02-03,2014-07-30,21.0,41.74,1.25
2014,ZG,116.97,2014-01-27,2014-07-28,23.6982,51.4188,3.77
2015,ACGN,94.71,2015-08-24,2015-12-08,308.72,601.12,18.49
2015,AKRX,98.43,2015-10-22,2015-12-31,19.08,37.86,1.31
2015,AMBA,166.37,2015-02-17,2015-07-23,48.5,129.19,4.49
2015,AMZN,144.15,2015-01-16,2015-12-29,14.2625,34.822,38.79
2015,ANAC,415.18,2015-01-06,2015-07-21,30.4601,156.925,1.19
2015,ATVI,116.66,2015-01-13,2015-12-29,18.43,39.93,4.21
2015,AVP,98.34,2015-11-13,2015-12-17,2.41,4.78,1.42
2015,BIDU,117.97,2015-08-24,2015-11-30,100.0,217.97,15.34
2015,BLUE,137.77,2015-02-04,2015-05-29,1075.1295,2556.3472,2.47
2015,CALA,152.9,2015-08-26,2015-11-06,1724.0,4360.0,1.61
2015,CENN,96.85,2015-05-27,2015-08-10,2568000.0,5055000.0,31.69
2015,CLVS,112.74,2015-01-06,2015-09-17,54.88,116.75,1.38
2015,CSIQ,114.56,2015-01-22,2015-05-11,18.68,40.08,1.41
2015,CTRP,166.3,2015-03-13,2015-11-19,21.54,57.36,4.11
2015,CYBR,131.36,2015-01-29,2015-06-18,33.0,76.35,2.24
2015,DNR,90.72,2015-09-30,2015-11-09,2.37,4.52,1.42
2015,DRYS,245.54,2015-12-21,2015-12-29,988719.3802,3416431.06,502.41
2015,DXCM,93.79,2015-01-07,2015-09-17,13.325,25.8225,1.37
2015,ESPR,195.02,2015-01-02,2015-05-21,41.0,120.96,1.32
2015,FEYE,89.16,2015-01-06,2015-06-18,29.25,55.33,4.51
2015,FSL,90.35,2015-01-06,2015-06-01,23.99,45.665,1.38
2015,GEVA,173.5,2015-04-30,2015-06-22,87.46,239.2,1.83
2015,GLNG,87.19,2015-01-30,2015-06-24,27.72,51.89,1.16
2015,GMCR,127.09,2015-11-18,2015-12-31,39.8,90.38,4.2
2015,GPN,92.05,2015-01-06,2015-12-10,38.865,74.64,1.58
2015,HCA,104.6,2015-08-24,2015-08-27,43.91,89.84,6.44
2015,HLF,124.46,2015-01-07,2015-08-10,13.8,30.975,1.6
2015,HLSS,94.76,2015-01-13,2015-03-12,9.73,18.95,1.13
2015,HZNP,212.42,2015-01-02,2015-07-20,12.64,39.49,2.03
2015,ICPT,117.47,2015-01-15,2015-05-18,144.79,314.88,1.89
2015,IDTI,100.28,2015-08-24,2015-12-03,14.5,29.04,1.27
2015,INCY,93.51,2015-01-06,2015-09-16,69.05,133.62,2.96
2015,INPX,189.62,2015-04-01,2015-04-23,64394996.44,186502496.0,1329.64
2015,JBLU,93.63,2015-01-12,2015-09-17,14.13,27.36,3.55
2015,KDNY,114.68,2015-08-24,2015-12-16,81.4,174.75,1.25
2015,KITE,104.14,2015-08-24,2015-11-19,44.01,89.84,1.38
2015,KKR,159.38,2015-08-24,2015-08-27,8.0,20.75,1.23
2015,MLND,94.81,2015-09-30,2015-10-19,118.5,230.85,6.03
2015,MNDT,89.16,2015-01-06,2015-06-18,29.25,55.33,4.84
2015,NFLX,194.43,2015-01-12,2015-12-07,45.2643,133.27,36.13
2015,NTES,97.99,2015-03-13,2015-12-29,18.834,37.29,2.41
2015,NVIV,290.48,2015-01-02,2015-04-17,94500.0,369000.0,7.26
2015,OPK,95.72,2015-01-06,2015-06-03,9.81,19.2,1.2
2015,PBR,115.31,2015-03-13,2015-05-06,4.9,10.55,5.13
2015,PBR.A,94.39,2015-03-13,2015-05-06,4.995,9.71,1.95
2015,PCRX,124.29,2015-10-07,2015-12-29,35.78,80.25,1.17
2015,PCYC,123.64,2015-01-05,2015-05-22,117.01,261.68,5.27
2015,PGEN,175.27,2015-01-06,2015-08-06,25.23,69.45,1.42
2015,PMCB,175.26,2015-01-30,2015-04-17,220875.0,607987.5,9.64
2015,QUNR,111.86,2015-01-06,2015-12-30,26.4,55.93,1.21
2015,RCPT,130.38,2015-02-04,2015-08-25,100.7101,232.02,2.8
2015,SASI,1804.76,2015-02-11,2015-10-12,84.0,1600.0,3.41
2015,SCTY,144.58,2015-11-11,2015-12-17,24.0699,58.87,2.68
2015,SFUN,90.56,2015-03-16,2015-06-12,262.653,500.5,1.24
2015,SKX,196.22,2015-01-06,2015-08-06,18.41,54.5333,2.57
2015,SM,131.91,2015-08-24,2015-10-09,18.21,42.23,1.61
2015,SUNE,169.8,2015-11-20,2015-12-17,2.55,6.88,5.89
2015,TCOM,166.36,2015-03-13,2015-11-19,21.535,57.36,4.64
2015,TLGT,93.26,2015-05-01,2015-12-30,475000.0,918000.0,51.15
2015,WUBA,125.33,2015-02-02,2015-04-27,37.15,83.71,1.36
2015,XL,649.63,2015-08-24,2015-12-30,5.4,40.48,1.96
2015,XON,175.27,2015-01-06,2015-08-06,25.23,69.45,1.3
2015,YOKU,165.82,2015-03-31,2015-06-05,11.85,31.5,1.34
2016,ABX,217.81,2016-01-19,2016-07-06,7.385,23.47,6.34
2016,ACIA,375.9,2016-05-19,2016-09-07,27.05,128.73,2.37
2016,AG,697.92,2016-01-20,2016-08-10,2.4,19.15,1.18
2016,AKS,594.51,2016-01-20,2016-12-08,1.64,11.39,1.57
2016,AMD,609.71,2016-01-20,2016-12-28,1.75,12.42,4.1
2016,AU,223.13,2016-01-19,2016-08-04,7.09,22.91,1.33
2016,AUY,334.06,2016-01-19,2016-07-13,1.38,5.99,1.31
2016,B,217.59,2016-01-19,2016-07-06,7.39,23.47,6.63
2016,BBD,187.76,2016-01-21,2016-11-08,2.7617,7.947,2.15
2016,BYU,1180.0,2016-01-20,2016-09-08,390625.0,5000000.0,3.28
2016,CANB,290.39,2016-07-15,2016-08-16,674325.0,2632500.0,1.08
2016,CDE,912.96,2016-01-20,2016-08-10,1.62,16.41,1.0
2016,CHK,446.67,2016-02-08,2016-12-12,1.5,8.2,5.25
2016,CLF,808.33,2016-01-12,2016-12-08,1.2,10.9,1.34
2016,CLR,332.57,2016-01-20,2016-12-01,13.94,60.3,3.26
2016,CLVS,305.96,2016-06-27,2016-12-19,11.57,46.97,1.05
2016,CNX,392.08,2016-01-20,2016-12-08,3.7833,18.6167,1.76
2016,CPE,340.14,2016-01-20,2016-12-01,42.1,185.3,1.03
2016,DMK,202.48,2016-01-20,2016-05-10,253.8462,767.8322,1.94
2016,DRYS,3025.0,2016-11-02,2016-11-16,30096.57,940517.84,34.45
2016,ECA,349.67,2016-01-20,2016-12-12,3.0,13.49,2.58
2016,EGN,210.38,2016-02-12,2016-12-01,20.76,64.435,1.16
2016,ET,399.75,2016-02-08,2016-11-21,4.0,19.99,3.4
2016,ETE,399.75,2016-02-08,2016-11-21,4.0,19.99,3.1
2016,EXEL,415.21,2016-03-17,2016-12-06,3.55,18.29,1.13
2016,FCX,366.48,2016-01-20,2016-11-23,3.52,16.42,8.75
2016,HL,426.9,2016-01-19,2016-11-09,1.45,7.64,1.06
2016,INPX,361.87,2016-11-09,2016-12-09,9720000.0,44894248.0,228.91
2016,IONS,190.96,2016-05-27,2016-12-27,19.59,57.0,1.71
2016,JOY,241.92,2016-01-20,2016-07-22,8.35,28.55,1.19
2016,KGC,344.27,2016-01-19,2016-05-02,1.31,5.82,1.34
2016,MDVN,208.52,2016-02-09,2016-09-27,26.41,81.48,4.01
2016,MRO,195.71,2016-02-11,2016-12-12,6.52,19.28,6.01
2016,MT,201.53,2016-02-11,2016-12-08,2.9301,8.835,1.97
2016,NBR,258.62,2016-01-20,2016-12-05,246.5,884.0,1.64
2016,NEM,187.04,2016-01-21,2016-08-12,16.05,46.07,5.81
2016,NVDA,384.53,2016-02-12,2016-12-28,0.6188,2.9983,13.82
2016,NVIV,196.0,2016-02-09,2016-03-08,65625.0,194250.0,4.72
2016,OAS,403.09,2016-01-20,2016-12-12,3.395,17.08,2.26
2016,OKE,214.99,2016-02-11,2016-12-27,18.88,59.47,2.13
2016,OSAT,668.24,2016-05-06,2016-05-17,524.25,4027.5,10.2
2016,PBR,363.47,2016-01-20,2016-10-24,2.71,12.56,4.28
2016,PBR.A,491.46,2016-01-25,2016-10-24,1.99,11.77,1.56
2016,PMCB,634.35,2016-11-11,2016-12-21,53475.0,392692.5,6.54
2016,RGLD,255.51,2016-01-20,2016-08-02,24.68,87.74,1.17
2016,RICE,270.71,2016-01-20,2016-09-22,7.92,29.36,1.46
2016,SAF,465308.82,2016-02-08,2016-11-09,15.9,74000.0,1.29
2016,SCPX,735.41,2016-05-13,2016-11-29,2004.4,16744.9786,2.94
2016,SLCA,330.43,2016-02-24,2016-12-27,13.54,58.28,1.38
2016,SLW,212.25,2016-01-20,2016-08-11,10.04,31.35,2.46
2016,SM,516.45,2016-02-24,2016-10-18,6.99,43.09,2.05
2016,SRPT,696.62,2016-04-26,2016-09-28,8.0,63.73,2.27
2016,SUNE,284.62,2016-04-04,2016-04-14,0.195,0.75,1.59
2016,SWN,194.15,2016-02-26,2016-09-08,5.3,15.59,3.83
2016,TRGP,307.9,2016-02-11,2016-12-28,14.55,59.35,2.14
2016,TSRO,415.76,2016-02-09,2016-11-25,29.51,152.2,1.41
2016,VALE,338.5,2016-01-26,2016-12-08,2.13,9.34,3.35
2016,WB,362.61,2016-02-12,2016-10-10,12.09,55.93,1.08
2016,WLL,331.04,2016-02-25,2016-06-07,13.4,57.76,4.46
2016,WMB,215.17,2016-02-08,2016-12-28,10.22,32.21,5.24
2016,WPM,212.25,2016-01-20,2016-08-11,10.04,31.35,2.56
2016,X,536.42,2016-01-28,2016-12-08,6.15,39.14,6.65
2016,YELP,198.42,2016-02-11,2016-10-05,14.53,43.36,1.49
2017,AAOI,372.62,2017-01-09,2017-07-27,21.88,103.41,3.12
2017,ACGN,120.77,2017-01-31,2017-10-11,176.8,390.32,8.42
2017,ALGN,200.82,2017-01-30,2017-11-28,88.56,266.41,3.46
2017,ALNY,310.31,2017-01-31,2017-11-02,35.98,147.63,2.04
2017,ANET,181.29,2017-01-17,2017-11-21,5.4581,15.3531,2.72
2017,BABA,117.7,2017-01-03,2017-11-22,88.08,191.75,48.59
2017,BHC,174.49,2017-04-24,2017-12-13,8.31,22.81,5.46
2017,BLUE,264.28,2017-01-03,2017-12-11,789.5078,2876.0363,2.06
2017,BYON,501.45,2017-05-31,2017-12-19,13.75,82.7,1.05
2017,BYU,349.44,2017-03-07,2017-10-12,1390625.0,6250000.0,21.92
2017,BZUN,267.21,2017-01-05,2017-09-19,11.07,40.65,1.2
2017,CALA,516.92,2017-01-03,2017-07-13,1300.0,8020.0,3.87
2017,CAR,123.66,2017-06-06,2017-12-19,20.71,46.32,1.91
2017,CC,179.77,2017-01-03,2017-10-24,20.76,58.08,2.29
2017,CGNX,134.09,2017-01-03,2017-11-22,31.18,72.99,1.69
2017,CLVS,149.69,2017-01-03,2017-07-28,39.83,99.45,2.53
2017,DMK,130.36,2017-01-19,2017-06-16,195.8042,451.049,4.97
2017,EDU,125.64,2017-01-03,2017-12-29,4.231,9.547,2.07
2017,EXAS,387.36,2017-01-03,2017-11-08,13.05,63.6,1.69
2017,EXEL,128.55,2017-01-03,2017-10-16,14.22,32.5,1.96
2017,FCAU,103.51,2017-01-12,2017-12-26,9.12,18.56,1.58
2017,FSLR,180.91,2017-04-06,2017-12-11,25.56,71.8,2.38
2017,HFC,121.65,2017-05-31,2017-12-27,23.46,51.9981,1.63
2017,INPX,228.79,2017-05-05,2017-05-08,5678505.0,18670500.0,148.92
2017,IPGP,161.18,2017-01-06,2017-11-22,95.04,248.23,1.27
2017,IRBT,110.63,2017-02-09,2017-07-31,52.12,109.78,1.45
2017,KBH,109.41,2017-01-12,2017-12-29,15.51,32.48,1.15
2017,KITE,301.32,2017-01-03,2017-10-02,44.84,179.95,3.18
2017,LRCX,107.68,2017-01-03,2017-11-21,10.579,21.97,7.31
2017,MELI,112.09,2017-01-03,2017-12-19,157.95,334.99,3.46
2017,MOMO,156.12,2017-01-03,2017-08-08,18.23,46.69,3.88
2017,MT,371.51,2017-04-18,2017-12-26,6.9999,33.005,2.9
2017,MU,132.15,2017-01-19,2017-11-22,21.49,49.89,21.3
2017,NBIX,103.36,2017-01-03,2017-12-29,38.38,78.05,1.19
2017,NRG,144.3,2017-01-03,2017-11-16,12.19,29.78,2.65
2017,NTNX,166.2,2017-05-01,2017-12-01,14.38,38.28,1.6
2017,NUWE,552.17,2017-11-15,2017-11-16,227203200.0,1481760000.0,138.24
2017,NVCN,170.8,2017-08-22,2017-09-20,17448.0153,47250.0,1.01
2017,NVDA,129.77,2017-03-06,2017-11-10,2.3793,5.4668,53.1
2017,NVIV,104.55,2017-08-29,2017-10-03,20625.0,42187.5,1.56
2017,NVR,116.76,2017-01-03,2017-12-29,1631.78,3536.97,1.49
2017,OLED,243.28,2017-01-18,2017-11-24,56.15,192.75,2.07
2017,OSAT,130.77,2017-10-12,2017-12-28,102.375,236.25,2.47
2017,PBYI,382.89,2017-05-09,2017-11-08,28.35,136.9,1.57
2017,PMCB,131.79,2017-11-09,2017-12-05,70215.0,162750.0,6.47
2017,PYPL,103.45,2017-02-02,2017-11-27,39.02,79.385,9.31
2017,RACE,110.46,2017-01-09,2017-11-01,57.56,121.14,1.12
2017,RH,348.71,2017-02-07,2017-12-06,24.41,109.53,2.23
2017,ROKU,220.44,2017-10-25,2017-12-19,18.35,58.8,6.13
2017,SAGE,289.14,2017-01-30,2017-12-08,44.55,173.36,1.09
2017,SHOP,194.15,2017-01-03,2017-09-18,4.2135,12.394,3.81
2017,SRPT,119.23,2017-02-13,2017-11-07,26.26,57.57,1.82
2017,STLA,105.08,2017-01-12,2017-12-26,9.05,18.56,1.65
2017,STM,132.43,2017-01-06,2017-11-06,10.67,24.8,1.55
2017,STMP,131.85,2017-05-08,2017-10-26,100.55,233.125,1.17
2017,TAL,209.19,2017-01-03,2017-10-16,11.695,36.16,1.98
2017,TTWO,148.29,2017-01-03,2017-11-08,48.58,120.62,3.34
2017,URBN,121.49,2017-06-08,2017-12-26,16.19,35.86,1.64
2017,VRTX,128.88,2017-01-03,2017-07-25,73.34,167.86,4.7
2017,VRX,174.5,2017-04-24,2017-12-13,8.3109,22.8134,5.31
2017,W,145.45,2017-01-03,2017-09-20,34.3,84.19,2.01
2017,WB,199.71,2017-01-03,2017-11-21,41.04,123.0,3.29
2017,WUBA,189.3,2017-02-06,2017-11-21,27.58,79.79,1.21
2017,XPO,122.56,2017-01-23,2017-12-27,14.5501,32.3823,1.98
2017,XYZ,262.81,2017-01-03,2017-11-24,13.66,49.56,5.78
2018,ABMD,144.48,2018-01-02,2018-10-01,188.05,459.75,3.5
2018,ACGN,110.58,2018-07-31,2018-08-31,88.4,186.15,5.4
2018,AMD,277.65,2018-04-04,2018-09-13,9.04,34.14,34.36
2018,AMRN,893.19,2018-07-31,2018-11-06,47.0,466.8,1.83
2018,AVXS,124.7,2018-01-05,2018-05-14,96.99,217.94,2.26
2018,BILI,130.22,2018-05-04,2018-06-14,9.86,22.7,1.32
2018,BYU,127.75,2018-08-07,2018-08-28,575.125,1309.875,5.84
2018,BZUN,111.97,2018-02-09,2018-06-12,31.801,67.41,2.17
2018,CANB,1236.63,2018-07-30,2018-08-24,204525.0,2733750.0,11.0
2018,CGC,144.73,2018-07-20,2018-10-16,242.1,592.5,7.14
2018,CHK,121.34,2018-02-09,2018-07-10,2.53,5.6,2.76
2018,CLF,107.94,2018-02-09,2018-09-26,6.3,13.1,2.08
2018,CMG,114.4,2018-02-09,2018-08-16,4.9504,10.6136,7.5
2018,CRON,198.83,2018-04-04,2018-09-19,5.12,15.3,1.92
2018,CRSP,221.16,2018-01-03,2018-05-24,23.01,73.9,1.17
2018,CRZO,133.94,2018-02-28,2018-07-10,13.4948,31.57,1.16
2018,DMK,117.02,2018-02-22,2018-07-02,164.3357,356.6434,3.69
2018,DXCM,198.08,2018-01-04,2018-11-08,12.76,38.035,2.6
2018,ENDP,251.04,2018-04-04,2018-10-17,5.27,18.5,1.03
2018,ESV,131.95,2018-03-02,2018-10-09,16.4,38.04,1.74
2018,ETSY,248.68,2018-02-06,2018-12-04,16.72,58.3,2.18
2018,EXAS,121.76,2018-04-06,2018-12-03,37.36,82.85,2.82
2018,FIVE,126.88,2018-02-06,2018-09-07,60.0,136.13,2.25
2018,FTNT,117.04,2018-01-10,2018-10-01,8.696,18.874,2.7
2018,GOOS,154.38,2018-02-09,2018-11-14,28.41,72.27,1.41
2018,HQY,120.44,2018-01-02,2018-11-08,46.08,101.58,1.05
2018,HUYA,206.14,2018-05-14,2018-06-15,16.6,50.82,2.28
2018,INGN,155.18,2018-01-10,2018-09-13,112.78,287.79,1.03
2018,INPX,393.4,2018-08-03,2018-10-05,13954.1494,68850.0,15.46
2018,IQ,202.16,2018-04-04,2018-06-19,15.3,46.23,8.87
2018,IRBT,112.93,2018-02-09,2018-08-28,55.77,118.75,1.54
2018,LULU,120.01,2018-02-06,2018-10-01,74.9,164.79,5.1
2018,MDB,270.55,2018-02-06,2018-12-07,25.16,93.23,1.14
2018,MDGL,259.96,2018-01-08,2018-06-06,90.56,325.98,1.12
2018,MNK,214.59,2018-05-04,2018-08-20,11.65,36.65,1.26
2018,MOH,116.77,2018-03-01,2018-09-24,71.07,154.06,2.38
2018,MOMO,118.36,2018-01-02,2018-06-11,24.84,54.24,3.71
2018,NFLX,116.56,2018-01-02,2018-06-21,195.42,423.21,76.77
2018,NIO,111.66,2018-09-13,2018-09-14,6.52,13.8,3.37
2018,NTNX,121.1,2018-02-06,2018-06-14,29.34,64.87,3.4
2018,OKTA,200.4,2018-01-03,2018-09-11,25.13,75.49,2.24
2018,ONC,130.86,2018-01-17,2018-06-08,95.34,220.1,1.26
2018,P,146.21,2018-01-22,2018-09-13,4.09,10.07,1.32
2018,PMCB,128.26,2018-03-12,2018-06-13,106950.0,244125.0,3.85
2018,RH,120.79,2018-03-19,2018-06-12,74.5,164.49,2.71
2018,RNG,111.76,2018-01-04,2018-09-13,46.35,98.15,1.29
2018,ROKU,167.39,2018-04-04,2018-10-01,29.01,77.569,6.84
2018,SFIX,191.36,2018-02-06,2018-09-18,18.0,52.445,1.29
2018,SFLY,107.31,2018-01-04,2018-06-05,48.4001,100.34,1.07
2018,SIG,114.65,2018-04-03,2018-08-30,33.11,71.07,2.16
2018,SM,109.56,2018-04-02,2018-10-04,16.11,33.76,1.48
2018,SRPT,248.26,2018-02-09,2018-06-19,50.68,176.5,2.98
2018,TDOC,188.41,2018-01-19,2018-10-01,30.875,89.046,1.65
2018,TEAM,115.33,2018-01-02,2018-10-01,45.61,98.213,2.03
2018,TLRY,1295.35,2018-08-01,2018-09-19,21.5,300.0,11.4
2018,TNDM,2355.61,2018-02-09,2018-09-13,2.14,52.55,1.22
2018,TSRO,221.06,2018-11-09,2018-12-28,23.41,75.16,2.01
2018,TTD,296.81,2018-02-09,2018-09-27,4.07,16.15,2.38
2018,TWLO,332.13,2018-02-09,2018-12-12,23.25,100.47,4.11
2018,TWTR,116.83,2018-01-25,2018-06-15,22.04,47.79,18.62
2018,VEEV,109.03,2018-02-09,2018-09-28,52.17,109.05,2.11
2018,W,149.79,2018-04-30,2018-09-14,60.53,151.199,3.8
2018,WFT,172.13,2018-12-26,2018-12-31,0.2164,0.5889,1.05
2018,WGHTQ,133.34,2018-01-02,2018-06-20,45.31,105.7265,2.64
2018,WIX,117.65,2018-02-09,2018-10-01,55.8,121.45,1.29
2018,WLL,164.13,2018-02-09,2018-06-22,21.38,56.47,3.04
2018,WW,133.34,2018-01-02,2018-06-20,45.31,105.7265,2.64
2018,WWE,219.14,2018-01-03,2018-09-28,30.61,97.69,1.23
2018,XYZ,191.67,2018-01-02,2018-10-01,34.68,101.15,18.3
2018,ZEN,117.62,2018-01-02,2018-10-01,33.435,72.76,1.44
2019,ACAD,241.39,2019-01-02,2019-12-05,15.73,53.7,1.08
2019,AMD,179.28,2019-01-03,2019-12-26,16.94,47.31,40.49
2019,ARWR,531.71,2019-01-02,2019-11-29,11.67,73.72,1.26
2019,AVLR,207.5,2019-01-02,2019-08-08,30.67,94.31,1.2
2019,AYX,162.78,2019-01-03,2019-09-06,56.24,147.79,2.96
2019,BBBY,143.37,2019-08-15,2019-12-18,7.31,17.79,1.99
2019,BYND,289.14,2019-05-10,2019-07-26,61.6,239.71,15.84
2019,BYON,232.03,2019-06-07,2019-09-13,8.96,29.75,1.17
2019,CANB,290.0,2019-11-18,2019-11-22,101250.0,394875.0,7.29
2019,CLDR,146.11,2019-06-11,2019-12-26,4.89,12.035,1.09
2019,CLVS,492.83,2019-10-28,2019-12-02,2.93,17.37,1.01
2019,COTY,124.8,2019-01-02,2019-05-17,6.29,14.14,2.09
2019,CRON,144.88,2019-01-02,2019-02-04,10.25,25.1,2.67
2019,CVNA,244.77,2019-01-03,2019-12-19,28.77,99.19,2.19
2019,CYBR,115.1,2019-01-03,2019-07-26,69.15,148.74,1.99
2019,DMK,200.0,2019-10-16,2019-11-22,33.5664,100.6993,1.39
2019,DXCM,115.93,2019-04-18,2019-12-05,26.86,58.0,3.52
2019,EDU,140.21,2019-01-03,2019-12-18,5.362,12.88,2.43
2019,ENPH,668.33,2019-01-02,2019-08-27,4.61,35.42,1.68
2019,GH,233.0,2019-01-03,2019-08-08,33.7,112.22,1.72
2019,ICPT,120.23,2019-10-10,2019-12-26,56.76,125.0,1.12
2019,LRCX,127.93,2019-01-03,2019-12-20,13.135,29.939,8.24
2019,MDB,161.51,2019-01-14,2019-06-10,70.66,184.78,4.0
2019,MDCO,377.3,2019-01-03,2019-12-31,17.8,84.96,1.81
2019,MELI,147.09,2019-01-02,2019-08-09,282.88,698.98,6.05
2019,MRTX,217.8,2019-01-02,2019-12-31,40.91,130.01,1.15
2019,MTCH,135.53,2019-01-03,2019-08-07,40.47,95.318,2.86
2019,NIO,309.24,2019-10-02,2019-12-30,1.19,4.87,2.65
2019,NVCR,216.45,2019-01-03,2019-08-21,31.19,98.7,1.04
2019,OKTA,139.29,2019-01-03,2019-07-29,59.28,141.85,4.87
2019,OLED,192.36,2019-01-03,2019-09-06,78.78,230.32,2.41
2019,ONCE,202.36,2019-01-03,2019-02-25,37.77,114.2,1.66
2019,OSTK,232.03,2019-06-07,2019-09-13,8.96,29.75,1.1
2019,PAGS,192.29,2019-01-02,2019-08-16,18.28,53.43,1.77
2019,PAYC,143.37,2019-01-03,2019-11-27,115.03,279.95,2.78
2019,PCG,396.84,2019-01-15,2019-06-21,5.07,25.19,4.07
2019,PDD,145.12,2019-06-03,2019-11-06,18.46,45.25,4.34
2019,PLAN,153.83,2019-01-04,2019-07-26,23.78,60.36,1.65
2019,PMCB,116.98,2019-12-10,2019-12-12,73935.0,160425.0,2.72
2019,PODD,164.48,2019-01-03,2019-11-27,70.8,187.25,2.02
2019,QRVO,116.48,2019-01-03,2019-12-27,54.735,118.49,2.3
2019,RH,189.7,2019-05-31,2019-12-06,84.11,243.67,3.23
2019,RNG,129.96,2019-01-02,2019-10-07,77.4,177.99,2.57
2019,ROKU,502.77,2019-01-02,2019-09-09,29.29,176.55,32.34
2019,SAGE,123.51,2019-01-03,2019-07-12,86.6,193.56,1.66
2019,SBGI,156.83,2019-01-02,2019-05-07,25.92,66.57,1.1
2019,SE,280.38,2019-01-03,2019-12-31,10.68,40.625,2.46
2019,SEDG,183.96,2019-01-08,2019-10-28,34.05,96.688,1.36
2019,SFIX,127.92,2019-01-02,2019-03-12,16.55,37.72,1.29
2019,SGEN,125.34,2019-01-02,2019-11-25,54.3,122.36,1.35
2019,SGI,132.1,2019-01-02,2019-11-01,9.945,23.0825,1.16
2019,SHAK,145.09,2019-01-03,2019-09-05,43.184,105.84,1.35
2019,SHOP,221.75,2019-01-03,2019-12-26,12.948,41.66,12.22
2019,SMAR,150.63,2019-01-04,2019-07-19,22.26,55.79,1.54
2019,SNAP,243.18,2019-01-02,2019-07-26,5.35,18.36,7.37
2019,STM,131.58,2019-01-03,2019-12-13,12.0,27.79,1.04
2019,STNE,153.59,2019-01-02,2019-04-02,17.99,45.62,1.7
2019,TER,136.31,2019-01-03,2019-12-27,29.58,69.9,2.33
2019,TLGT,159.14,2019-06-17,2019-09-04,42061.582,109000.0,3.34
2019,TNDM,133.78,2019-01-03,2019-03-21,32.0,74.81,2.05
2019,TSLA,145.95,2019-06-03,2019-12-27,11.7995,29.0207,52.57
2019,TTD,164.68,2019-01-03,2019-08-09,10.938,28.951,6.81
2019,VEEV,114.66,2019-01-03,2019-07-16,82.41,176.9,4.26
2019,VIPS,185.47,2019-01-02,2019-12-24,5.16,14.73,1.24
2019,WGHTQ,166.31,2019-05-31,2019-11-29,16.71,44.5,1.58
2019,WW,166.31,2019-05-31,2019-11-29,16.71,44.5,1.58
2019,ZS,135.47,2019-01-02,2019-07-26,38.026,89.54,3.14
2020,ADD,561.74,2020-06-04,2020-07-17,12.452,82.4,1.95
2020,APPN,644.44,2020-03-19,2020-11-27,29.07,216.41,1.67
2020,APPS,1659.77,2020-03-18,2020-12-22,3.48,61.24,1.57
2020,APT,1123.24,2020-01-08,2020-02-28,3.4,41.59,1.04
2020,BBBY,662.68,2020-04-03,2020-10-20,3.43,26.16,2.78
2020,BE,952.67,2020-03-18,2020-12-28,3.0,31.58,1.48
2020,BILL,552.39,2020-03-18,2020-12-22,23.61,154.03,2.23
2020,BLNK,4389.6,2020-03-18,2020-12-28,1.25,56.12,2.14
2020,BYON,4979.05,2020-03-18,2020-08-19,2.53,128.5,4.66
2020,CAR,552.76,2020-03-18,2020-11-09,6.35,41.45,1.87
2020,CHK,64429.56,2020-03-09,2020-06-08,0.1201,77.5,1.16
2020,CODX,3421.59,2020-01-06,2020-08-03,0.88,30.99,1.61
2020,CPRI,721.96,2020-03-18,2020-12-30,5.42,44.55,1.77
2020,CROX,692.26,2020-03-18,2020-12-09,8.4,66.55,1.01
2020,CRWD,611.61,2020-03-17,2020-12-24,31.95,227.36,12.19
2020,CVNA,1221.12,2020-03-19,2020-12-23,22.16,292.76,6.23
2020,CWH,1149.71,2020-03-18,2020-08-05,3.4,42.49,1.08
2020,CZR,1198.34,2020-03-18,2020-12-18,6.02,78.16,4.52
2020,DQ,727.24,2020-03-19,2020-12-23,8.318,68.81,1.02
2020,EAT,752.86,2020-03-18,2020-12-23,7.0,59.7,1.42
2020,ENPH,781.39,2020-03-19,2020-12-28,21.49,189.41,6.73
2020,ERI,683.72,2020-03-18,2020-06-05,6.02,47.18,3.23
2020,ETSY,562.77,2020-03-23,2020-12-22,29.95,198.5,7.85
2020,FCEL,1291.0,2020-03-16,2020-12-23,30.0,417.3,2.77
2020,FSLY,1184.1,2020-03-16,2020-10-13,10.63,136.5,11.4
2020,FTCH,994.16,2020-03-18,2020-12-22,5.99,65.54,2.6
2020,FUBO,587.53,2020-10-13,2020-12-22,9.06,62.29,5.88
2020,FVRR,1018.95,2020-03-18,2020-12-22,20.42,228.49,2.07
2020,GME,769.65,2020-04-03,2020-12-23,0.6425,5.5875,1.36
2020,GNUS,22632.56,2020-03-12,2020-06-04,0.0516,11.73,1.49
2020,GOTU,524.58,2020-01-02,2020-08-07,22.7,141.78,5.78
2020,GRWG,1546.56,2020-03-16,2020-12-23,2.62,43.14,1.07
2020,GSX,524.58,2020-01-02,2020-08-07,22.7,141.78,4.66
2020,IMMU,899.2,2020-04-03,2020-10-22,8.8,87.93,3.22
2020,INO,1045.42,2020-01-03,2020-06-26,35.4,405.48,7.72
2020,JKS,689.84,2020-03-18,2020-10-21,11.42,90.2,3.41
2020,JMIA,2179.07,2020-03-18,2020-12-23,2.15,49.0,3.02
2020,KODK,3900.0,2020-03-23,2020-07-29,1.5,60.0,2.86
2020,LVGO,705.17,2020-03-16,2020-10-13,18.76,151.049,4.2
2020,MARA,4088.57,2020-03-16,2020-12-28,0.35,14.66,1.12
2020,MRNA,909.62,2020-01-07,2020-12-01,17.68,178.5,29.25
2020,NIO,2610.9,2020-03-18,2020-11-24,2.11,57.2,51.75
2020,NKLA,812.52,2020-01-03,2020-06-09,309.0,2819.7,11.34
2020,NNDM,1956.86,2020-04-03,2020-12-23,0.51,10.49,1.02
2020,NVAX,5089.04,2020-01-13,2020-08-05,3.65,189.4,9.71
2020,NVTA,730.61,2020-03-19,2020-12-14,7.415,61.59,1.73
2020,OSTK,4979.05,2020-03-18,2020-08-19,2.53,128.5,3.98
2020,OVV,659.52,2020-03-18,2020-12-09,2.1,15.95,1.24
2020,PENN,2546.4,2020-03-18,2020-12-23,3.75,99.24,7.06
2020,PFGC,592.85,2020-03-18,2020-11-09,7.41,51.34,1.01
2020,PINS,646.94,2020-03-18,2020-12-23,10.1,75.441,10.84
2020,PLAY,565.8,2020-03-18,2020-12-30,4.605,30.66,1.79
2020,PLUG,1382.61,2020-03-17,2020-12-28,2.53,37.51,6.65
2020,PTON,845.59,2020-03-16,2020-12-24,17.7,167.37,21.35
2020,QS,1079.82,2020-10-30,2020-12-22,11.25,132.73,9.64
2020,RDFN,769.26,2020-03-18,2020-12-22,9.63,83.71,1.29
2020,RH,575.96,2020-03-23,2020-12-09,73.14,494.4,4.74
2020,RIOT,3553.41,2020-03-18,2020-12-31,0.511,18.6689,1.14
2020,RUN,951.95,2020-03-17,2020-10-01,7.835,82.42,3.85
2020,SCPX,2105.12,2020-02-27,2020-07-21,9.7471,214.9357,3.25
2020,SFIX,562.75,2020-03-16,2020-12-22,10.9,72.24,1.72
2020,SNAP,593.41,2020-03-18,2020-12-17,7.89,54.71,15.83
2020,SOLO,1427.92,2020-03-16,2020-11-20,0.8901,13.6,1.07
2020,SPWR,1119.69,2020-03-16,2020-12-22,2.6392,32.19,1.56
2020,SRNE,1150.97,2020-03-18,2020-08-10,1.55,19.39,4.18
2020,TOON,22457.69,2020-03-12,2020-06-04,0.52,117.3,1.54
2020,TRGP,683.88,2020-03-18,2020-12-14,3.66,28.69,1.35
2020,TSLA,925.25,2020-03-18,2020-12-31,23.3673,239.5733,409.32
2020,TTD,615.29,2020-03-19,2020-12-22,13.6,97.28,12.61
2020,VXRT,5730.0,2020-01-03,2020-07-14,0.3,17.49,2.34
2020,W,1508.67,2020-03-19,2020-08-24,21.7,349.082,10.75
2020,WKHS,2256.65,2020-03-17,2020-09-21,315.6,7437.6,5.6
2020,XYZ,652.8,2020-03-18,2020-12-22,32.33,243.38,28.83
2020,Z,620.06,2020-03-18,2020-12-22,20.04,144.3,5.37
2020,ZG,701.29,2020-03-18,2020-12-22,18.65,149.44,1.24
2020,ZM,794.73,2020-01-06,2020-10-19,65.812,588.84,57.28
2021,ADD,344.26,2021-01-04,2021-03-30,24.04,106.8,7.88
2021,ADGI,353.51,2021-11-23,2021-11-30,17.38,78.82,1.49
2021,AHT,325.68,2021-04-23,2021-06-09,183.0,779.0,1.32
2021,ALF,833.61,2021-05-04,2021-06-28,2.41,22.5,1.61
2021,AMC,3702.09,2021-01-05,2021-06-02,19.1,726.2,65.74
2021,ANY,835.94,2021-05-25,2021-09-02,8.96,83.86,1.42
2021,APHA,361.29,2021-01-04,2021-02-10,7.0,32.29,6.87
2021,AR,302.01,2021-01-04,2021-11-04,5.47,21.99,1.98
2021,ASAN,473.75,2021-03-30,2021-11-15,25.41,145.79,3.62
2021,ATER,528.39,2021-08-23,2021-09-13,3.0396,19.1004,1.97
2021,ATOS,1013.64,2021-01-06,2021-06-25,0.88,9.8,1.08
2021,BB,341.26,2021-01-04,2021-01-27,6.52,28.77,7.83
2021,BBIG,1025.23,2021-01-04,2021-09-08,1.11,12.49,3.07
2021,BETS,304.26,2021-07-23,2021-11-12,11.1259,44.9775,1.55
2021,BFRI,550.22,2021-11-22,2021-12-21,45.0,292.6,3.68
2021,BIOR,843.68,2021-08-20,2021-11-17,164.25,1550.0,1.4
2021,BKKT,535.0,2021-10-21,2021-11-01,200.0,1270.0,7.39
2021,BNGO,301.28,2021-01-08,2021-02-16,39.1,156.9,4.19
2021,BNTX,459.04,2021-01-04,2021-08-10,83.0,464.0,16.63
2021,BTBT,422.42,2021-07-20,2021-08-09,3.97,20.74,2.34
2021,BTU,709.39,2021-01-04,2021-09-10,2.45,19.83,1.28
2021,BTX,2147.08,2021-04-01,2021-05-03,3.59,80.67,1.59
2021,CAN,809.3,2021-01-27,2021-03-12,4.3,39.1,2.93
2021,CAR,1457.9,2021-01-04,2021-11-02,34.99,545.11,4.47
2021,CCIV,548.6,2021-01-05,2021-02-18,10.0,64.86,14.93
2021,CCXI,342.39,2021-05-25,2021-10-11,9.53,42.16,1.32
2021,CEIN,1369.7,2021-08-19,2021-09-29,16.5,242.5,2.37
2021,CENN,1680.1,2021-01-04,2021-01-28,286.5,5100.0,1.83
2021,CLOV,357.21,2021-03-05,2021-06-09,6.31,28.85,7.03
2021,CPE,435.6,2021-01-25,2021-11-08,12.22,65.45,1.76
2021,CTRM,1033.72,2021-01-04,2021-02-11,17.2,195.0,1.0
2021,DATS,427.07,2021-08-16,2021-09-29,35.1,185.0,1.88
2021,DDD,449.61,2021-01-04,2021-02-10,10.28,56.5,3.8
2021,DDS,683.29,2021-01-12,2021-11-23,53.2,416.71,1.17
2021,DJT,1678.46,2021-10-06,2021-10-22,9.84,175.0,20.79
2021,DMK,381.38,2021-01-04,2021-01-22,33.993,163.6364,16.4
2021,DWACW,19700.05,2021-10-07,2021-10-22,0.4001,79.22,1.07
2021,EDU,1041.84,2021-03-10,2021-03-12,15.764,180.0,4.4
2021,EH,542.26,2021-01-04,2021-02-12,20.21,129.8,2.31
2021,ERNA,2147.08,2021-04-01,2021-05-03,1077.0,24201.0,1.59
2021,EXPR,1524.23,2021-01-04,2021-01-27,17.202,279.4,1.32
2021,EYES,1328.57,2021-03-04,2021-03-09,4.2,60.0,1.26
2021,FUTU,334.39,2021-01-04,2021-02-10,47.02,204.25,17.48
2021,GME,2727.87,2021-01-08,2021-01-28,4.27,120.75,41.44
2021,GSAT,803.03,2021-01-04,2021-02-10,4.95,44.7,1.09
2021,HUT,426.03,2021-06-22,2021-11-09,15.75,82.85,1.75
2021,INMD,338.28,2021-01-04,2021-11-02,22.65,99.27,1.92
2021,IVVD,353.51,2021-11-23,2021-11-30,17.38,78.82,1.66
2021,KOSS,4419.5,2021-01-15,2021-01-28,2.82,127.45,1.16
2021,LC,431.38,2021-01-04,2021-11-01,9.26,49.206,1.21
2021,LCID,548.6,2021-01-05,2021-02-18,10.0,64.86,28.46
2021,LGVN,1484.51,2021-11-17,2021-11-24,28.4,450.0,1.36
2021,MARA,692.5,2021-01-04,2021-11-09,10.53,83.45,13.14
2021,MMAT,1500.0,2021-01-05,2021-06-21,136.0,2176.0,2.03
2021,MRIN,1934.33,2021-05-13,2021-07-06,8.04,163.56,1.92
2021,MRNA,381.78,2021-01-04,2021-08-10,103.26,497.49,74.88
2021,MTDR,292.93,2021-01-04,2021-10-27,12.02,47.23,1.04
2021,MVIS,476.13,2021-01-05,2021-04-27,4.86,28.0,4.18
2021,NAKD,3434.03,2021-01-04,2021-12-22,0.191,6.75,1.8
2021,NCTY,1599.05,2021-01-04,2021-02-22,52.5,892.0,1.1
2021,NEGG,1828.54,2021-01-04,2021-07-07,82.0,1581.4,1.0
2021,NTLA,362.22,2021-03-05,2021-06-30,43.86,202.73,3.21
2021,OCGN,1240.71,2021-01-27,2021-02-08,1.4,18.77,8.37
2021,PHUN,2831.71,2021-08-19,2021-10-22,41.0,1202.0,1.25
2021,PLBY,503.6,2021-01-04,2021-05-05,10.444,63.04,1.09
2021,PMCB,441.33,2021-01-04,2021-02-22,15891.375,86025.0,3.88
2021,PROG,843.68,2021-08-20,2021-11-17,0.657,6.2,1.33
2021,RIOT,417.92,2021-01-05,2021-02-17,15.35,79.5,14.5
2021,RRC,290.56,2021-01-04,2021-10-25,6.78,26.48,1.59
2021,SAVA,2055.75,2021-01-04,2021-07-29,6.78,146.16,7.34
2021,SENS,569.07,2021-01-11,2021-02-17,0.831,5.56,1.69
2021,SI,327.25,2021-01-21,2021-11-22,56.0,239.26,2.34
2021,SIG,311.92,2021-01-04,2021-11-22,27.17,111.92,1.34
2021,SM,549.41,2021-01-04,2021-11-08,5.89,38.25,1.42
2021,SNDL,742.55,2021-01-04,2021-02-11,4.7,39.6,5.74
2021,SOPA,583.18,2021-12-17,2021-12-23,49.05,335.1,3.38
2021,SOS,1121.54,2021-01-05,2021-02-17,65.0,794.0,3.23
2021,SPCE,303.01,2021-05-11,2021-06-28,285.4,1150.2,15.14
2021,SPRT,3041.58,2021-03-04,2021-08-27,1.9,59.69,2.29
2021,TIGR,425.96,2021-01-04,2021-02-19,7.32,38.5,3.12
2021,TKAT,5925.2,2021-01-04,2021-03-23,1.23,74.11,1.13
2021,TLRY,697.62,2021-01-04,2021-02-10,8.4,67.0,10.85
2021,TRCH,1497.65,2021-01-05,2021-06-21,0.681,10.88,2.56
2021,TRXC,969.4,2021-01-04,2021-02-10,0.6499,6.95,1.94
2021,UPST,955.16,2021-01-04,2021-10-15,38.05,401.49,15.86
2021,VANI,1328.57,2021-03-04,2021-03-09,4.2,60.0,1.33
2021,VIR,457.13,2021-01-04,2021-01-27,25.31,141.01,1.31
2021,VUZI,295.97,2021-01-05,2021-04-09,8.19,32.43,1.61
2021,VXRT,371.59,2021-01-04,2021-02-02,5.28,24.9,2.01
2021,XELA,561.59,2021-01-04,2021-03-10,4728.0,31280.0,1.69
2021,ZIM,431.62,2021-01-29,2021-09-16,11.7,62.2,1.95
2021,ZOMDF,1082.93,2021-01-04,2021-02-08,0.246,2.91,1.67
2022,ADD,136.22,2022-01-24,2022-02-15,15.208,35.924,1.04
2022,AFRM,200.37,2022-05-12,2022-08-16,13.64,40.97,9.27
2022,AMC,183.51,2022-05-12,2022-08-08,97.0,275.0,13.3
2022,AMR,234.01,2022-01-24,2022-06-07,55.98,186.98,1.44
2022,APE,216.92,2022-12-19,2022-12-27,0.65,2.06,1.15
2022,AR,205.38,2022-01-24,2022-06-08,15.98,48.8,5.36
2022,ARRY,345.18,2022-05-12,2022-12-15,5.445,24.24,1.28
2022,AXON,135.0,2022-05-12,2022-11-18,82.49,193.85,1.25
2022,AXSM,297.48,2022-06-16,2022-12-13,20.63,82.0,1.29
2022,BBBY,584.93,2022-07-01,2022-08-17,4.38,30.0,4.57
2022,BBIG,189.55,2022-08-03,2022-08-18,0.67,1.94,1.12
2022,BE,174.37,2022-05-12,2022-08-12,11.47,31.47,1.36
2022,BEAM,163.85,2022-05-12,2022-08-11,27.77,73.27,1.18
2022,BEKE,164.71,2022-03-14,2022-06-27,7.31,19.35,4.47
2022,BILI,219.62,2022-10-24,2022-12-09,8.23,26.305,4.34
2022,BMBL,155.22,2022-03-08,2022-08-08,15.41,39.33,1.36
2022,BROS,170.22,2022-05-12,2022-08-11,20.05,54.18,1.39
2022,BTU,238.66,2022-01-24,2022-04-18,9.83,33.29,3.25
2022,CAR,131.19,2022-02-24,2022-04-21,141.79,327.8,4.04
2022,CELH,219.08,2022-05-10,2022-12-13,12.77,40.7467,1.96
2022,CHPT,134.35,2022-05-12,2022-09-15,8.5,19.92,2.86
2022,CHWY,133.89,2022-05-24,2022-08-16,22.22,51.97,3.9
2022,COIN,184.84,2022-05-12,2022-08-04,40.83,116.3,18.87
2022,CPNG,138.08,2022-05-11,2022-08-11,8.98,21.38,3.45
2022,CRK,221.37,2022-01-25,2022-06-08,6.88,22.11,1.16
2022,CROX,136.18,2022-07-01,2022-12-29,46.08,108.83,2.89
2022,CVNA,198.46,2022-07-14,2022-08-16,19.45,58.05,8.46
2022,DIDI,173.1,2022-03-11,2022-03-21,1.71,4.67,2.54
2022,DNA,134.93,2022-05-12,2022-08-11,83.6,196.4,1.45
2022,DQ,139.69,2022-03-15,2022-07-07,32.2,77.18,1.61
2022,EDU,402.26,2022-03-15,2022-12-22,8.4,42.19,1.42
2022,ENPH,199.75,2022-01-24,2022-12-05,113.4,339.92,16.11
2022,EPAM,174.62,2022-03-08,2022-08-18,168.59,462.99,4.97
2022,EQT,170.68,2022-01-27,2022-09-14,19.2,51.97,6.5
2022,FSLR,191.41,2022-05-12,2022-11-30,59.6,173.68,5.34
2022,FTI,138.69,2022-07-14,2022-12-05,5.48,13.08,1.55
2022,FUBO,251.16,2022-07-05,2022-08-16,2.318,8.14,1.38
2022,FUTU,240.08,2022-03-14,2022-12-15,21.23,72.2,3.41
2022,GBT,237.27,2022-06-13,2022-08-05,21.65,73.02,1.59
2022,GME,157.04,2022-03-14,2022-03-29,19.395,49.8525,7.47
2022,GTLB,130.84,2022-03-14,2022-08-11,30.74,70.96,1.84
2022,HRB,131.31,2022-01-24,2022-08-18,21.08,48.76,1.49
2022,INDO,3233.03,2022-01-26,2022-03-07,2.61,86.992,1.1
2022,IQ,226.06,2022-10-24,2022-12-30,1.65,5.38,1.26
2022,KOS,146.09,2022-01-03,2022-06-03,3.45,8.49,1.13
2022,LI,146.09,2022-03-15,2022-06-24,16.86,41.49,5.99
2022,LNTH,272.05,2022-01-28,2022-09-14,23.51,87.47,1.53
2022,MARA,263.08,2022-07-05,2022-08-11,5.2,18.88,4.55
2022,MRTX,207.34,2022-05-27,2022-11-28,32.96,101.3,1.71
2022,MSTR,169.95,2022-05-12,2022-08-11,13.409,36.197,3.74
2022,NFE,228.95,2022-01-24,2022-08-25,19.17,63.06,1.1
2022,NOVA,152.37,2022-05-12,2022-08-08,12.47,31.47,1.38
2022,NTNX,151.0,2022-06-13,2022-12-14,13.44,33.734,1.13
2022,NVTA,391.8,2022-07-28,2022-08-10,1.83,9.0,1.0
2022,OXY,164.6,2022-01-03,2022-08-29,29.15,77.13,31.52
2022,PACB,268.83,2022-06-14,2022-08-11,3.85,14.2,1.03
2022,PBF,274.05,2022-01-03,2022-10-27,13.1,49.0,2.16
2022,PDD,301.38,2022-03-15,2022-12-13,23.21,93.16,15.52
2022,PLUG,148.5,2022-05-12,2022-08-25,12.7,31.56,9.03
2022,PTEN,143.25,2022-01-03,2022-05-31,8.44,20.53,1.03
2022,RBLX,148.87,2022-05-10,2022-08-11,21.65,53.88,20.98
2022,RDBX,1030.36,2022-02-24,2022-06-13,1.6101,18.2,1.4
2022,RIOT,161.66,2022-07-05,2022-08-11,4.02,10.5188,2.27
2022,RUN,132.92,2022-05-12,2022-09-15,16.8,39.13,4.26
2022,SAVA,272.76,2022-07-27,2022-09-22,13.84,51.59,1.44
2022,SHLS,238.52,2022-04-28,2022-11-21,9.58,32.43,1.01
2022,SIGA,362.16,2022-02-24,2022-08-15,5.84,26.99,1.54
2022,SQM,147.88,2022-01-06,2022-05-27,46.7,115.76,3.13
2022,SWAV,182.76,2022-05-09,2022-10-26,113.36,320.54,2.25
2022,SWN,159.06,2022-01-24,2022-06-08,3.81,9.87,4.55
2022,TCOM,151.85,2022-03-14,2022-12-15,14.29,35.99,3.2
2022,TELL,193.27,2022-01-28,2022-04-01,2.23,6.54,1.4
2022,TME,195.25,2022-03-14,2022-12-22,2.95,8.71,1.5
2022,TPL,189.45,2022-01-24,2022-11-11,315.43,913.0,1.26
2022,TPTX,219.77,2022-03-15,2022-08-16,23.77,76.01,1.12
2022,VERU,465.67,2022-04-08,2022-08-17,4.34,24.55,2.67
2022,VET,140.97,2022-01-05,2022-08-29,12.52,30.17,1.11
2022,VIPS,147.65,2022-03-15,2022-12-27,5.75,14.24,1.36
2022,WING,152.51,2022-05-24,2022-11-15,67.67,170.875,1.68
2022,YMM,141.02,2022-03-14,2022-06-29,4.12,9.93,1.1
2023,ACLS,161.14,2023-01-03,2023-08-01,76.97,201.0,1.71
2023,AFRM,496.36,2023-01-06,2023-12-27,8.8,52.48,7.25
2023,AI,366.54,2023-01-06,2023-06-16,10.475,48.87,11.55
2023,AMD,151.54,2023-01-06,2023-12-29,60.05,151.05,133.16
2023,AMR,173.65,2023-01-04,2023-12-27,130.54,357.225,1.13
2023,ANF,332.75,2023-05-04,2023-12-26,21.74,94.08,1.54
2023,APLS,234.34,2023-08-07,2023-12-05,19.83,66.3,2.88
2023,APP,389.47,2023-01-06,2023-11-09,9.215,45.105,1.62
2023,BBBY,453.62,2023-01-06,2023-02-06,1.27,7.031,2.58
2023,BBIO,524.23,2023-01-03,2023-12-28,7.1,44.32,1.1
2023,BLD,144.71,2023-01-03,2023-12-29,156.49,382.945,1.26
2023,BLDR,165.0,2023-01-03,2023-12-28,64.54,171.03,4.74
2023,CCL,149.24,2023-01-03,2023-12-22,7.92,19.74,9.75
2023,CELH,157.76,2023-03-13,2023-09-08,26.75,68.95,3.75
2023,CFLT,148.34,2023-01-06,2023-07-19,16.6,41.224,2.42
2023,CLSK,591.84,2023-01-03,2023-12-27,1.96,13.56,1.37
2023,COIN,493.95,2023-01-06,2023-12-28,31.55,187.39,23.08
2023,CRWD,183.8,2023-01-10,2023-12-18,92.25,261.81,12.31
2023,CVNA,1379.67,2023-01-06,2023-12-20,4.23,62.59,9.45
2023,CYTK,237.11,2023-10-04,2023-12-29,25.98,87.58,1.1
2023,DKNG,258.38,2023-01-03,2023-11-27,10.98,39.35,6.59
2023,DUOL,256.7,2023-01-03,2023-12-19,68.93,245.87,1.92
2023,EDU,148.97,2023-01-03,2023-12-12,33.63,83.73,1.87
2023,ELF,219.19,2023-01-12,2023-12-20,48.1,153.53,2.46
2023,ENVX,267.69,2023-01-04,2023-07-27,6.5,23.9,1.53
2023,ESTC,156.04,2023-01-06,2023-12-08,46.18,118.24,1.92
2023,FCNCA,202.1,2023-03-17,2023-12-14,505.84,1528.12,2.63
2023,FLG,144.75,2023-03-13,2023-07-28,17.43,42.66,2.4
2023,FSLY,205.02,2023-01-03,2023-09-01,7.97,24.31,1.1
2023,GTLB,157.43,2023-05-04,2023-12-14,26.24,67.55,2.24
2023,IMGN,731.07,2023-03-23,2023-12-13,3.605,29.96,1.83
2023,IONQ,533.43,2023-01-03,2023-09-12,3.41,21.6,2.21
2023,IOT,252.19,2023-01-06,2023-12-14,10.48,36.91,1.61
2023,LAZR,169.82,2023-01-06,2023-03-06,58.65,158.25,1.06
2023,LCID,192.45,2023-01-06,2023-01-27,6.09,17.81,4.64
2023,LUMN,143.59,2023-11-02,2023-12-28,0.78,1.9,1.23
2023,MARA,854.27,2023-01-03,2023-12-27,3.28,31.3,9.84
2023,MDB,169.06,2023-01-06,2023-11-30,164.59,442.84,10.61
2023,META,195.96,2023-01-03,2023-12-28,122.28,361.9,126.22
2023,MSTR,394.58,2023-01-03,2023-12-28,13.938,68.935,6.19
2023,NKLA,612.09,2023-06-06,2023-08-03,15.63,111.3,1.69
2023,NU,161.65,2023-01-06,2023-11-14,3.39,8.87,3.54
2023,NVDA,260.18,2023-01-06,2023-11-20,14.034,50.548,360.04
2023,OPEN,425.24,2023-01-06,2023-08-01,1.03,5.41,1.22
2023,PDD,152.49,2023-05-10,2023-12-19,59.67,150.66,17.06
2023,PLTR,258.78,2023-01-06,2023-11-21,6.09,21.85,17.46
2023,QS,163.0,2023-01-04,2023-07-31,5.27,13.86,1.07
2023,RCL,169.04,2023-01-03,2023-12-29,48.68,130.97,6.02
2023,RETA,556.74,2023-02-27,2023-09-25,26.26,172.46,1.59
2023,RIOT,525.76,2023-01-03,2023-07-14,3.3,20.65,5.36
2023,ROKU,179.08,2023-01-03,2023-12-14,39.0,108.84,11.63
2023,RUN,145.31,2023-10-25,2023-12-27,8.43,20.68,3.7
2023,SLG,162.91,2023-03-24,2023-12-14,19.06,50.11,1.46
2023,SMCI,417.24,2023-01-19,2023-08-07,6.902,35.7,12.45
2023,SOFI,164.11,2023-01-03,2023-07-31,4.43,11.7,6.31
2023,SPOT,156.36,2023-01-05,2023-12-06,79.14,202.88,5.54
2023,TAL,165.03,2023-05-03,2023-12-15,5.09,13.49,1.19
2023,TGTX,256.7,2023-01-05,2023-05-04,10.0,35.67,1.62
2023,TSLA,193.97,2023-01-06,2023-07-19,101.81,299.29,608.94
2023,UBER,153.92,2023-01-03,2023-12-15,25.02,63.53,22.13
2023,UPST,508.38,2023-05-03,2023-08-01,11.93,72.58,5.38
2023,VFS,701.03,2023-08-18,2023-08-28,11.61,93.0,1.75
2023,VNO,161.66,2023-05-17,2023-12-14,12.31,32.21,1.5
2023,VRT,320.33,2023-04-21,2023-12-13,11.95,50.23,3.22
2023,W,207.39,2023-05-02,2023-08-03,29.51,90.71,5.32
2023,WAL,806.17,2023-03-13,2023-12-26,7.46,67.6,3.26
2023,X,146.08,2023-06-01,2023-12-18,20.4,50.2,4.72
2023,XP,169.03,2023-03-15,2023-08-23,10.3,27.71,2.3
2023,XPEV,214.72,2023-06-01,2023-07-28,7.505,23.62,4.3
2023,XPO,213.03,2023-04-05,2023-12-27,29.02,90.84,2.11
2023,ZION,152.74,2023-05-04,2023-12-14,18.26,46.15,2.65
2023,ZS,167.62,2023-05-02,2023-12-27,84.93,227.29,7.2
2024,AAOI,564.18,2024-08-05,2024-12-04,6.7,44.5,1.02
2024,ACHR,314.45,2024-09-26,2024-12-27,2.8206,11.69,1.57
2024,AFRM,229.62,2024-08-05,2024-12-16,22.25,73.34,7.7
2024,ALAB,306.9,2024-08-07,2024-12-26,36.215,147.36,4.89
2024,ALPN,275.29,2024-01-05,2024-05-17,17.32,65.0,1.8
2024,AMC,399.16,2024-04-16,2024-05-14,2.38,11.88,2.49
2024,APLD,376.69,2024-04-18,2024-12-06,2.36,11.25,1.17
2024,APP,1016.67,2024-01-04,2024-12-06,37.4,417.635,12.37
2024,ARM,189.89,2024-01-03,2024-07-09,65.11,188.75,26.95
2024,ASTS,1883.76,2024-04-02,2024-08-21,1.97,39.08,3.96
2024,AXON,189.04,2024-01-05,2024-12-06,241.72,698.67,4.91
2024,BE,241.18,2024-02-23,2024-11-27,8.412,28.7,1.91
2024,BILI,261.02,2024-01-22,2024-10-02,8.8,31.77,2.25
2024,CAVA,341.56,2024-01-03,2024-11-13,39.05,172.4299,5.42
2024,CGC,441.56,2024-03-14,2024-04-30,2.755,14.92,1.14
2024,CLS,277.58,2024-01-17,2024-12-16,26.62,100.5111,2.52
2024,CLSK,285.65,2024-01-19,2024-03-27,6.41,24.72,9.47
2024,COHR,183.15,2024-01-04,2024-12-04,40.12,113.6,3.53
2024,COIN,205.43,2024-02-07,2024-12-06,114.51,349.75,50.25
2024,CORZ,613.75,2024-02-01,2024-11-26,2.61,18.6288,1.84
2024,CRDO,369.5,2024-04-19,2024-12-16,16.82,78.97,1.71
2024,CRS,236.74,2024-02-06,2024-11-26,58.87,198.24,1.5
2024,CVNA,567.36,2024-02-01,2024-11-25,40.209,268.3392,10.7
2024,DJT,369.7,2024-01-11,2024-03-26,16.9,79.38,10.96
2024,DXYZ,1172.73,2024-03-26,2024-04-08,8.25,105.0,1.04
2024,EAT,270.09,2024-01-16,2024-12-26,37.25,137.86,1.99
2024,ENVX,227.72,2024-04-25,2024-07-16,5.7,18.68,1.23
2024,FTAI,296.82,2024-01-03,2024-11-22,44.65,177.18,2.29
2024,FUTU,199.24,2024-01-22,2024-10-07,43.61,130.5,3.95
2024,GEV,200.08,2024-04-05,2024-11-21,119.0,357.09,14.5
2024,GL,199.72,2024-04-11,2024-10-24,38.95,116.7426,2.54
2024,GME,551.56,2024-04-16,2024-05-14,9.95,64.83,10.45
2024,HIMS,332.88,2024-01-05,2024-11-27,8.09,35.02,4.13
2024,HOLO,6460.0,2024-02-06,2024-02-16,1200.0,78720.0,1.18
2024,HOOD,322.25,2024-01-19,2024-12-16,10.38,43.83,7.97
2024,HUT,416.99,2024-01-19,2024-12-06,6.18,31.95,1.6
2024,INSM,267.38,2024-05-24,2024-08-22,21.92,80.53,2.43
2024,IONQ,680.71,2024-08-05,2024-12-26,6.22,48.56,4.34
2024,IREN,347.19,2024-02-05,2024-12-06,3.56,15.92,2.59
2024,LUMN,964.95,2024-07-01,2024-11-11,0.97,10.33,1.64
2024,LUNR,839.03,2024-01-04,2024-12-27,2.0894,19.62,1.88
2024,MMYT,184.0,2024-01-08,2024-12-10,43.31,123.0,1.17
2024,MSTR,1137.64,2024-01-23,2024-11-21,43.874,543.0,77.44
2024,NNE,1054.15,2024-05-14,2024-06-25,3.25,37.51,1.36
2024,NOVA,285.76,2024-05-01,2024-09-18,3.37,13.0,1.1
2024,NTRA,197.53,2024-01-05,2024-12-04,58.53,174.145,2.94
2024,NVAX,575.92,2024-02-05,2024-06-06,3.53,23.86,2.01
2024,NVDA,223.1,2024-01-03,2024-11-21,47.32,152.89,782.41
2024,OKLO,425.61,2024-09-09,2024-10-30,5.35,28.12,3.3
2024,OSCR,182.04,2024-01-10,2024-09-20,8.435,23.79,1.18
2024,PI,206.87,2024-01-16,2024-10-14,78.17,239.88,1.55
2024,PLTR,441.35,2024-01-05,2024-12-24,15.664,84.7968,45.11
2024,POWL,378.41,2024-01-26,2024-11-11,76.29,364.9799,1.49
2024,PTON,303.52,2024-05-02,2024-12-17,2.7,10.895,1.72
2024,QBTS,1575.48,2024-01-19,2024-12-27,0.681,11.41,1.23
2024,QUBT,7547.89,2024-07-02,2024-12-18,0.355,27.15,2.08
2024,RDDT,387.82,2024-04-18,2024-12-26,37.35,182.2,8.32
2024,RGTI,2831.82,2024-09-09,2024-12-27,0.66,19.35,3.18
2024,RKLB,729.97,2024-04-16,2024-12-26,3.47,28.8,2.74
2024,SE,245.12,2024-01-17,2024-12-06,34.35,118.55,7.27
2024,SERV,1261.02,2024-05-23,2024-07-30,1.77,24.09,2.02
2024,SFM,225.47,2024-01-02,2024-11-29,47.82,155.6399,2.39
2024,SG,367.08,2024-01-17,2024-11-25,9.66,45.12,1.69
2024,SMCI,345.48,2024-01-02,2024-03-08,27.588,122.9,109.25
2024,SMR,1618.09,2024-01-18,2024-11-29,1.88,32.3,1.88
2024,SMTC,286.95,2024-01-17,2024-12-04,18.16,70.27,1.41
2024,SOFI,186.02,2024-08-05,2024-12-18,6.01,17.19,8.77
2024,SOUN,1441.98,2024-02-06,2024-12-26,1.62,24.98,6.74
2024,TEM,247.27,2024-06-25,2024-11-12,22.89,79.4899,1.4
2024,TGTX,186.92,2024-02-21,2024-11-25,12.84,36.84,1.47
2024,TPL,278.33,2024-02-02,2024-11-25,467.6167,1769.14,2.6
2024,TSLA,251.97,2024-04-22,2024-12-18,138.8025,488.5399,463.2
2024,UAL,180.93,2024-08-05,2024-12-06,37.02,104.0,8.86
2024,UPST,331.8,2024-08-05,2024-12-13,20.6,88.95,5.6
2024,VKTX,476.96,2024-01-03,2024-02-28,17.23,99.41,5.7
2024,VRT,228.75,2024-01-03,2024-11-21,44.31,145.67,14.45
2024,VSCO,222.29,2024-08-05,2024-12-13,15.12,48.73,1.3
2024,VST,346.57,2024-01-03,2024-11-22,37.77,168.67,12.63
2024,WULF,650.0,2024-01-19,2024-11-13,1.24,9.3,1.89
2024,YPF,216.38,2024-01-17,2024-12-16,14.53,45.9699,1.07
2024,ZETA,387.24,2024-01-04,2024-11-11,7.84,38.2,1.64
2024,ZIM,232.05,2024-03-20,2024-11-20,9.08,30.15,2.23
2025,AAOI,332.09,2025-04-21,2025-12-23,9.711,41.96,2.39
2025,ABVX,3020.13,2025-04-09,2025-12-24,4.77,148.83,1.31
2025,AGX,295.27,2025-03-10,2025-11-20,101.02,399.3,1.8
2025,ALAB,457.88,2025-04-04,2025-09-18,47.125,262.9,14.57
2025,APLD,1114.5,2025-04-16,2025-10-16,3.31,40.2,10.42
2025,ARWR,656.11,2025-04-07,2025-12-11,9.57,72.36,1.21
2025,ASTS,487.37,2025-01-29,2025-10-16,17.5,102.79,11.72
2025,AU,289.59,2025-01-06,2025-12-26,23.525,91.65,3.35
2025,AVAV,308.67,2025-04-07,2025-10-09,102.25,417.86,4.76
2025,BBAI,297.88,2025-04-21,2025-10-14,2.36,9.39,11.72
2025,BE,875.97,2025-04-09,2025-11-10,15.15,147.86,12.42
2025,BITF,880.68,2025-04-09,2025-10-15,0.673,6.6,2.5
2025,BTDR,306.43,2025-04-16,2025-10-15,6.84,27.8,1.83
2025,BYND,1437.69,2025-10-16,2025-10-22,0.5001,7.69,2.55
2025,CAR,293.87,2025-03-13,2025-07-29,54.03,212.81,2.74
2025,CDE,415.61,2025-04-07,2025-10-16,4.58,23.615,3.76
2025,CIEN,403.96,2025-04-04,2025-12-11,49.21,248.0,6.14
2025,CIFR,1272.04,2025-04-04,2025-11-05,1.86,25.52,6.62
2025,CLS,526.01,2025-04-04,2025-11-05,58.05,363.4,12.98
2025,COHR,339.21,2025-04-04,2025-12-10,45.58,200.19,8.34
2025,CRCL,367.17,2025-06-05,2025-06-23,64.0,298.99,51.15
2025,CRDO,634.96,2025-04-07,2025-12-02,29.09,213.8,11.61
2025,CRML,2513.82,2025-04-04,2025-10-14,1.23,32.15,1.55
2025,CRWV,457.96,2025-04-21,2025-06-20,33.515,187.0,43.42
2025,DAVE,337.6,2025-04-07,2025-07-08,65.46,286.45,1.76
2025,EOSE,546.91,2025-04-09,2025-11-10,3.07,19.86,2.81
2025,FLNC,647.11,2025-04-21,2025-12-12,3.46,25.85,1.32
2025,GLXY,460.0,2025-04-07,2025-10-21,8.2,45.92,3.08
2025,GRAL,599.03,2025-01-16,2025-11-25,16.56,115.76,1.22
2025,HIVE,522.22,2025-04-09,2025-10-10,1.26,7.84,1.29
2025,HL,375.11,2025-04-07,2025-12-23,4.46,21.19,4.02
2025,HOOD,418.75,2025-04-07,2025-10-06,29.66,153.8599,58.69
2025,HUT,470.62,2025-04-04,2025-10-15,10.04,57.2899,3.57
2025,IONQ,373.38,2025-03-11,2025-10-13,17.88,84.64,18.76
2025,IREN,1399.9,2025-04-09,2025-11-05,5.125,76.87,14.8
2025,JOBY,322.38,2025-04-07,2025-08-04,4.96,20.95,7.12
2025,KSS,317.55,2025-04-04,2025-12-01,6.04,25.22,2.27
2025,KTOS,371.01,2025-02-24,2025-10-09,23.9,112.572,3.99
2025,LAC,355.41,2025-04-08,2025-10-15,2.31,10.52,1.91
2025,LAES,310.85,2025-04-07,2025-10-15,2.12,8.71,1.87
2025,LCID,1180.71,2025-08-29,2025-10-06,1.97,25.23,5.07
2025,LEU,839.78,2025-04-04,2025-10-16,49.4001,464.25,4.71
2025,LITE,779.74,2025-04-04,2025-12-24,45.65,401.6,9.76
2025,LUMN,297.01,2025-04-21,2025-11-03,3.01,11.95,1.73
2025,METC,817.46,2025-04-07,2025-10-15,6.3,57.8,1.01
2025,MGOL,1160.0,2025-01-29,2025-02-14,0.1,1.26,1.0
2025,MP,535.7,2025-01-02,2025-10-14,15.77,100.2505,11.55
2025,MU,385.59,2025-04-07,2025-12-30,61.54,298.83,69.41
2025,NBIS,670.62,2025-04-07,2025-10-10,18.31,141.1,20.73
2025,NGD,282.07,2025-01-02,2025-12-22,2.51,9.59,2.05
2025,NTLA,378.81,2025-04-07,2025-10-20,5.9,28.25,1.23
2025,NUAI,2265.96,2025-09-09,2025-11-03,0.3208,7.59,1.02
2025,NVTS,1070.39,2025-04-04,2025-10-20,1.52,17.79,4.19
2025,OKLO,1012.74,2025-04-07,2025-10-15,17.42,193.84,21.25
2025,ONDS,1952.61,2025-03-12,2025-10-08,0.57,11.6999,4.65
2025,OPEN,2038.08,2025-06-26,2025-09-17,0.5084,10.87,13.74
2025,OUST,556.94,2025-04-09,2025-10-15,6.34,41.65,1.05
2025,PGY,444.01,2025-01-13,2025-09-18,8.27,44.99,1.53
2025,PI,306.02,2025-04-08,2025-10-24,60.85,247.0635,1.69
2025,PL,652.33,2025-04-07,2025-12-23,2.79,20.99,1.72
2025,PLUG,563.77,2025-05-16,2025-10-06,0.69,4.58,3.84
2025,PONY,506.33,2025-04-22,2025-10-02,4.11,24.92,2.25
2025,PRAX,1089.96,2025-04-09,2025-12-29,26.7,317.72,1.41
2025,QBTS,1150.0,2025-01-13,2025-10-15,3.74,46.75,17.38
2025,QS,460.88,2025-04-08,2025-10-15,3.4,19.0699,5.96
2025,QUBT,490.87,2025-03-11,2025-10-03,4.3732,25.84,8.07
2025,QURE,821.39,2025-04-09,2025-10-28,7.76,71.5,1.39
2025,RGTI,877.31,2025-01-13,2025-10-14,5.95,58.1501,24.53
2025,RIOT,286.67,2025-04-17,2025-10-10,6.19,23.935,7.06
2025,RKLB,442.69,2025-04-07,2025-12-24,14.71,79.83,17.55
2025,RR,442.34,2025-03-10,2025-10-07,1.37,7.43,1.75
2025,RUN,317.1,2025-06-17,2025-10-15,5.38,22.44,3.19
2025,SATS,647.58,2025-06-09,2025-12-19,14.9,111.39,4.06
2025,SBET,5401.77,2025-04-21,2025-05-30,2.256,124.12,6.11
2025,SBSW,418.85,2025-02-28,2025-12-26,3.05,15.825,1.32
2025,SEDG,341.82,2025-04-11,2025-11-10,11.0,48.5999,2.24
2025,SEI,300.6,2025-04-07,2025-11-03,14.27,57.165,1.66
2025,SERV,300.0,2025-04-07,2025-10-15,4.66,18.64,2.11
2025,SEZL,651.17,2025-04-04,2025-07-08,24.86,186.74,1.68
2025,SMR,418.23,2025-04-04,2025-10-16,11.08,57.42,8.65
2025,SNDK,855.77,2025-04-22,2025-11-12,29.62,283.1,0.01
2025,STRL,335.06,2025-04-04,2025-11-04,96.34,419.14,3.07
2025,STX,388.89,2025-04-09,2025-12-11,63.19,308.93,13.52
2025,SYM,438.55,2025-04-04,2025-11-26,16.3178,87.88,2.1
2025,TMC,1012.75,2025-01-14,2025-10-13,1.02,11.35,1.0
2025,TSEM,352.44,2025-04-04,2025-12-11,28.64,129.58,1.43
2025,TTMI,410.82,2025-04-07,2025-12-11,15.7746,80.58,1.62
2025,UAMY,1476.8,2025-03-04,2025-10-14,1.25,19.71,1.01
2025,UEC,362.31,2025-04-07,2025-10-16,3.85,17.7991,2.35
2025,USAR,691.01,2025-03-27,2025-10-13,5.56,43.98,2.46
2025,UUUU,754.06,2025-04-07,2025-10-15,3.2,27.33,3.29
2025,VSAT,492.26,2025-04-09,2025-11-10,7.36,43.59,1.27
2025,VSCO,313.88,2025-04-04,2025-12-19,13.76,56.95,1.69
2025,W,463.06,2025-04-04,2025-11-10,20.41,114.92,5.38
2025,WBD,298.94,2025-04-09,2025-12-12,7.52,30.0,15.13
2025,WDC,554.77,2025-04-07,2025-12-11,28.83,188.77,14.46
2025,WULF,727.67,2025-04-09,2025-10-28,2.06,17.05,6.61
2026,AAOI,247.33,2026-01-08,2026-03-02,31.67,110.0,4.6
2026,AAP,72.08,2026-01-02,2026-02-13,37.89,65.1999,1.39
2026,ACLX,89.51,2026-01-05,2026-03-03,60.355,114.3799,3.55
2026,ACMR,75.38,2026-01-02,2026-02-11,40.855,71.65,1.23
2026,AEIS,73.65,2026-01-08,2026-03-02,201.56,350.0,2.95
2026,AG,106.15,2026-01-02,2026-02-27,15.54,32.035,8.87
2026,ALGM,67.53,2026-01-02,2026-02-12,26.18,43.86,1.41
2026,ALMS,289.81,2026-01-05,2026-02-19,7.85,30.6,1.04
2026,AMPX,80.56,2026-01-02,2026-02-03,8.23,14.86,1.23
2026,APLD,71.48,2026-01-02,2026-01-28,24.65,42.27,15.08
2026,ASTS,87.57,2026-01-02,2026-01-30,69.25,129.89,20.95
2026,AVAV,68.94,2026-01-02,2026-01-16,241.65,408.25,7.16
2026,AXTI,221.68,2026-01-05,2026-03-02,14.62,47.03,2.76
2026,BATL,2570.62,2026-01-02,2026-03-03,1.1121,29.7,1.21
2026,BE,103.58,2026-01-02,2026-02-25,88.86,180.8999,23.48
2026,BKD,61.53,2026-01-02,2026-02-17,10.58,17.09,1.1
2026,BNAI,3351.2,2026-01-02,2026-01-28,2.5,86.28,2.38
2026,CDE,63.93,2026-01-02,2026-01-26,16.94,27.77,8.05
2026,CGNX,65.44,2026-01-02,2026-02-12,36.195,59.88,1.5
2026,CIEN,69.34,2026-01-09,2026-02-25,216.07,365.9,12.55
2026,COHR,78.56,2026-01-09,2026-03-02,167.5,299.09,17.19
2026,CRCL,109.02,2026-02-05,2026-03-03,49.9,104.3,13.26
2026,CRML,208.32,2026-01-02,2026-01-26,7.09,21.86,4.16
2026,CRVS,321.75,2026-01-12,2026-01-23,6.39,26.95,1.22
2026,DNN,61.68,2026-01-02,2026-01-29,2.74,4.43,2.59
2026,ECG,65.06,2026-01-12,2026-02-25,83.39,137.64,1.0
2026,ENPH,64.12,2026-01-02,2026-02-04,32.25,52.93,4.49
2026,ENTG,66.94,2026-01-02,2026-02-24,85.36,142.5,5.2
2026,EOSE,61.13,2026-01-02,2026-01-22,11.63,18.74,4.2
2026,EVTV,1309.7,2026-01-02,2026-01-13,0.3483,4.91,1.29
2026,EXK,73.96,2026-01-02,2026-01-26,8.709,15.15,2.47
2026,FIG,64.5,2026-02-04,2026-02-26,19.85,32.6525,5.53
2026,FIGR,88.04,2026-01-02,2026-01-20,41.48,78.0,3.27
2026,FLNC,68.31,2026-01-07,2026-01-30,19.91,33.51,1.85
2026,FORM,85.03,2026-01-02,2026-02-25,57.85,107.04,1.69
2026,FRO,94.87,2026-01-02,2026-03-02,20.47,39.89,1.48
2026,FSLY,169.76,2026-02-05,2026-03-02,7.87,21.23,2.35
2026,FTAI,63.36,2026-01-02,2026-02-26,198.03,323.51,6.92
2026,GLW,93.09,2026-01-08,2026-02-25,83.95,162.0999,16.82
2026,GNRC,75.08,2026-01-02,2026-02-25,137.7,241.091,3.19
2026,HL,89.41,2026-01-02,2026-01-26,18.04,34.17,9.05
2026,HYMC,162.77,2026-01-02,2026-01-26,22.35,58.7299,2.88
2026,IBRX,527.78,2026-01-02,2026-02-25,1.98,12.43,4.21
2026,IREN,67.03,2026-01-02,2026-01-28,38.07,63.59,27.17
2026,KGS,63.89,2026-01-08,2026-03-03,35.5107,58.2,1.03
2026,KRMN,64.42,2026-01-02,2026-01-29,72.0,118.38,2.77
2026,KTOS,80.28,2026-01-02,2026-01-20,74.33,134.0,6.18
2026,LASR,88.89,2026-01-06,2026-03-03,36.265,68.5,1.01
2026,LITE,146.91,2026-01-16,2026-03-02,317.44,783.8,33.56
2026,MKSI,64.04,2026-01-02,2026-02-17,164.54,269.91,5.11
2026,MOD,119.28,2026-01-06,2026-02-25,111.18,243.7999,3.76
2026,MRNA,85.17,2026-01-02,2026-01-22,29.81,55.2,7.32
2026,NE,70.16,2026-01-02,2026-02-23,27.88,47.44,1.23
2026,NGD,64.41,2026-01-02,2026-01-26,8.29,13.63,3.06
2026,PL,62.86,2026-01-02,2026-01-16,18.9715,30.8978,4.06
2026,POWL,90.22,2026-01-02,2026-02-12,322.0,612.5,1.87
2026,RAPT,94.89,2026-01-05,2026-03-02,29.77,58.02,2.83
2026,RCAT,123.6,2026-01-02,2026-01-22,8.06,18.022,2.56
2026,RDW,92.51,2026-01-02,2026-01-27,7.5579,14.55,4.06
2026,RIG,70.59,2026-01-02,2026-02-23,4.08,6.96,3.81
2026,RNG,68.35,2026-02-03,2026-02-20,24.14,40.64,1.17
2026,RR,73.37,2026-01-02,2026-01-27,3.23,5.6,1.79
2026,RRX,63.21,2026-01-02,2026-02-11,140.495,229.3,2.68
2026,RVMD,63.2,2026-01-05,2026-01-16,76.28,124.49,5.65
2026,RZLV,91.89,2026-01-02,2026-01-16,2.59,4.97,1.12
2026,SKYT,91.29,2026-01-02,2026-01-20,18.96,36.268,1.07
2026,SLV,69.63,2026-01-02,2026-01-29,64.745,109.83,142.59
2026,SNDK,181.7,2026-01-05,2026-03-19,274.08,772.09,0.02
2026,SOLS,75.08,2026-01-02,2026-02-12,48.23,84.44,2.79
2026,STRL,62.64,2026-01-08,2026-02-26,293.3,477.0277,2.63
2026,STX,65.59,2026-01-05,2026-02-12,277.6927,459.84,22.99
2026,SVM,76.07,2026-01-02,2026-01-26,7.9514,14.0,1.08
2026,TER,73.1,2026-01-02,2026-02-26,199.26,344.915,12.69
2026,TPL,94.77,2026-01-02,2026-02-23,280.95,547.2,2.88
2026,TTMI,74.03,2026-01-06,2026-02-25,65.1965,113.46,3.79
2026,UAMY,131.08,2026-01-02,2026-01-26,5.18,11.97,1.76
2026,UCTT,182.33,2026-01-02,2026-02-25,26.14,73.8,1.01
2026,UEC,70.92,2026-01-02,2026-01-22,11.9,20.34,2.45
2026,UMC,64.78,2026-01-05,2026-01-27,7.695,12.68,1.62
2026,UNG,71.11,2026-01-15,2026-01-30,9.95,17.025,3.81
2026,USAR,163.52,2026-01-02,2026-01-26,12.17,32.07,6.7
2026,UUUU,90.31,2026-01-02,2026-01-28,14.66,27.9,4.56
2026,VAL,105.62,2026-01-02,2026-02-23,49.7,102.195,1.96
2026,VIAV,109.78,2026-01-08,2026-03-02,16.975,35.61,1.78
2026,VICR,90.34,2026-01-02,2026-03-02,110.08,209.53,1.52
2026,VNET,65.3,2026-01-02,2026-02-17,8.76,14.48,1.08
2026,VRT,66.82,2026-01-08,2026-02-25,158.77,264.86,16.76
2026,WDC,75.38,2026-01-02,2026-02-18,176.7001,309.8999,35.7
2026,XPO,60.9,2026-01-02,2026-03-02,135.1414,217.44,4.68
