DateTime,Open,High,Low,Close,Volume
2023-12-26,29.35,30.30333,29.33667,29.74333,307200
2023-12-27,29.85333,30.033333,29.4,29.45333,237000
2023-12-28,29.33333,29.89,28.75667,29.73333,349800
2023-12-29,29.81667,29.83333,28.97,29.46667,317100
2024-01-02,29.02,30.38667,29.01,30.11333,634800
2024-01-03,29.84667,29.97,29.026667,29.056667,289200
2024-01-04,29.28667,29.33,27.89667,27.97,524400
2024-01-05,27.69333,27.81667,26.4,26.90333,596100
2024-01-08,27.02,27.31333,26.58667,26.83,454200
2024-01-09,26.33333,26.84,25.92333,26.63,364800
2024-01-10,26.59333,26.86667,26.47,26.69333,275400
2024-01-11,26.70667,26.96667,26.47,26.83,434700
2024-01-12,27.0,27.27667,26.70667,27.046667,342900
2024-01-16,26.93,27.016666,26.40667,27.016666,398400
2024-01-17,26.83333,27.12,26.83333,27.063334,259200
2024-01-18,27.11333,27.46667,26.85667,27.22333,499800
2024-01-19,27.23667,27.23667,25.96667,26.73667,674100
2024-01-22,27.18667,27.98333,26.83667,27.046667,586200
2024-01-23,27.28,27.46,26.11,26.13333,440400
2024-01-24,26.51667,26.51667,25.92667,26.07,443100
2024-01-25,26.28667,26.37333,25.51333,25.70667,361200
2024-01-26,25.95667,26.02,25.43,25.61,533100
2024-01-29,25.74667,26.70667,25.74667,26.61,621000
2024-01-30,26.61,27.41667,26.47667,27.19667,842400
2024-01-31,33.41667,41.83,33.41667,39.51,4710000
2024-02-01,40.0,40.060001,37.58333,38.66667,1553400
2024-02-02,38.68,41.33333,37.16667,40.97,1480800
2024-02-05,41.27,42.71667,39.87,42.51333,1334400
2024-02-06,42.61333,42.67333,41.21333,42.0099983,807600
2024-02-07,42.37333,45.95,42.14,44.033333,902100
2024-02-08,44.34333,47.39,44.16667,46.99667,747300
2024-02-09,47.24,49.36,47.18667,49.083332,865500
2024-02-12,49.58333,51.21667,49.39,50.90333,1039200
2024-02-13,49.59,50.74667,47.62667,49.24667,959700
2024-02-14,50.15,52.39,50.15,50.96333,861300
2024-02-15,51.63667,52.55,50.23,51.99667,703500
2024-02-16,52.22667,52.64,51.066666,51.18333,684600
2024-02-20,50.82333,52.003334,49.40667,50.12667,1049700
2024-02-21,50.0,52.95,49.41333,51.31,1003500
2024-02-22,51.70667,53.14667,50.68667,52.0066681,812400
2024-02-23,52.033333,54.34333,51.58,53.90333,556800
2024-02-26,54.26,57.036667,54.26,55.53667,1065600
2024-02-27,55.95333,58.14,55.87,57.27,1040700
2024-02-28,57.27,58.83,57.16333,58.54667,705300
2024-02-29,59.66333,62.58,59.066666,61.74667,1237500
2024-03-01,61.91,62.75667,58.37,60.0066681,1192800
2024-03-04,60.78333,65.95667,60.64333,61.61,1356000
2024-03-05,60.76667,60.76667,52.42667,55.38667,1791300
2024-03-06,57.64333,57.80333,53.81667,54.0,1342200
2024-03-07,54.0,55.099998,51.13667,51.42333,1869000
2024-03-08,50.84667,52.12333,48.98667,50.27333,1469400
2024-03-11,50.33333,51.59667,49.076668,50.66333,914700
2024-03-12,51.11667,53.16333,50.0066681,52.98667,1090200
2024-03-13,53.28667,56.85333,53.28667,56.48667,1498200
2024-03-14,57.14667,57.32667,52.83,54.18667,1150200
2024-03-15,53.53667,54.99333,52.5,53.62,4884900
2024-03-18,53.98333,54.74333,50.38,51.22,1154100
2024-03-19,50.66667,51.86667,48.56333,48.61,1517700
2024-03-20,48.5,48.6,45.45333,46.056667,1738200
2024-03-21,46.42333,47.80333,45.95,47.35,1329300
2024-03-22,47.35,49.54333,47.31333,48.33667,1228200
2024-03-25,48.72,50.22,48.049999,48.25333,744000
2024-03-26,48.26667,48.78,46.42333,46.77667,1003800
2024-03-27,46.99667,47.41333,46.0,46.69333,928800
2024-03-28,46.49,48.083332,46.16667,47.43333,689100
2024-04-01,47.58,47.83667,45.29,45.53667,925800
2024-04-02,45.33333,45.49667,44.34333,45.0066681,663900
2024-04-03,44.96667,45.83,44.60667,44.89333,617400
2024-04-04,45.33667,46.11,43.75333,43.79333,813600
2024-04-05,43.88667,47.59333,43.77,46.073334,1053600
2024-04-08,46.15333,47.32,45.71,45.82667,549900
2024-04-09,45.57,46.086666,43.94667,44.033333,693600
2024-04-10,43.33333,44.28333,42.56,43.68333,679800
2024-04-11,43.72,44.096668,42.68333,43.29667,504600
2024-04-12,42.76,43.34,41.81667,41.98333,639000
2024-04-15,42.46333,42.76333,41.22,42.17,856200
2024-04-16,42.083332,42.16667,41.21667,41.79667,459300
2024-04-17,41.89333,42.30333,40.66667,41.14667,495000
2024-04-18,41.43333,43.11667,41.013332,42.71333,778500
2024-04-19,42.49667,44.21333,42.26667,43.44667,1089300
2024-04-22,43.93333,46.083332,43.58333,45.37667,1068900
2024-04-23,45.72333,48.26667,45.72333,47.79667,851100
2024-04-24,49.13333,52.41667,48.83333,49.74333,1599900
2024-04-25,48.68667,49.47333,46.76,48.77,1054500
2024-04-26,48.94,49.96667,48.11667,49.60667,705600
2024-04-29,50.0,51.34,48.62333,49.88667,725700
2024-04-30,49.92333,50.13667,47.12667,47.66667,1122900
2024-05-01,61.0,61.16333,53.036667,56.67,3281100
2024-05-02,57.96,58.003334,51.61333,53.52667,1469100
2024-05-03,54.053333,54.58,52.099998,53.31667,951600
2024-05-06,53.75333,56.71,53.74667,53.86,891000
2024-05-07,53.86,55.080002,52.13,52.58667,618300
2024-05-08,52.10333,52.98,51.33333,52.70667,568200
2024-05-09,52.71667,55.70333,52.27333,55.12,1019100
2024-05-10,55.66,58.53333,55.21,56.076668,1184400
2024-05-13,56.63,57.023335,53.25,53.47333,906600
2024-05-14,54.013332,54.81667,52.11333,53.029999,728100
2024-05-15,53.47333,56.17667,53.47333,55.75333,662100
2024-05-16,56.0066681,56.29333,54.12333,54.54667,545100
2024-05-17,54.72,55.036667,52.31,52.70667,730800
2024-05-20,52.88,55.49,52.88,55.049999,555600
2024-05-21,55.0,63.67667,55.0,62.65,2474400
2024-05-22,62.35667,65.12666,60.56333,64.89667,1848000
2024-05-23,65.57333,67.066666,61.34,61.57667,1527600
2024-05-24,62.060001,67.45333,61.97667,67.089996,1170900
2024-05-28,68.72,69.71333,65.73666,68.71333,1240500
2024-05-29,67.38,68.84666,65.78667,68.20667,757500
2024-05-30,68.8,69.71,67.34,68.65,828600
2024-05-31,68.43667,68.99667,59.02,59.95333,1659600
2024-06-03,60.58333,61.016666,54.61333,57.11333,1487700
2024-06-04,55.89333,56.0,51.0066681,52.37,1609500
2024-06-05,52.81333,54.37333,52.81333,53.62333,789300
2024-06-06,53.33333,53.76667,51.48,52.69,625500
2024-06-07,52.33333,53.19667,51.66667,53.0099983,620400
2024-06-10,53.0,57.54333,52.65667,56.95,1395600
2024-06-11,56.29,57.53667,54.69667,54.87333,920700
2024-06-12,56.0099983,59.47,55.75333,57.71667,896700
2024-06-13,57.88333,59.080002,56.023335,58.72,580500
2024-06-14,57.85,57.85,54.53,55.15667,585000
2024-06-17,55.58,56.82333,54.53,56.60333,627900
2024-06-18,55.76667,55.76667,51.13667,54.75667,1158300
2024-06-20,54.71333,55.36,52.17333,52.32,877500
2024-06-21,51.63333,52.0,49.12,51.31667,1652100
2024-06-24,51.28333,52.25,50.35667,50.46333,680400
2024-06-25,50.48,51.11,50.0,50.63333,469800
2024-06-26,50.18667,50.75333,48.023335,48.41,1037700
2024-06-27,48.39333,49.46667,46.77667,47.36333,1530000
2024-06-28,47.76667,48.87667,47.043331,47.8,2461800
2024-07-01,48.44667,48.79,46.83333,47.81,1070100
2024-07-02,47.46667,48.72,47.24333,48.24667,664500
2024-07-03,48.90333,50.69667,48.56333,50.21667,687000
2024-07-05,50.66667,51.31,48.24333,48.32,876600
2024-07-08,48.41667,50.35333,48.4,48.55,762600
2024-07-09,48.66667,48.93667,44.84667,45.76333,1066200
2024-07-10,46.099998,46.88,45.42,46.70333,870000
2024-07-11,47.70333,48.99,47.029999,47.55333,682200
2024-07-12,47.89,48.96333,46.50333,47.37333,818400
2024-07-15,47.81,50.21333,47.0,48.17667,891600
2024-07-16,48.17667,48.66667,45.89667,46.96667,1283700
2024-07-17,46.39667,46.39667,43.54333,44.13333,1839600
2024-07-18,44.52667,44.95667,42.33667,43.42333,1204800
2024-07-19,43.64333,45.20333,43.053333,44.66667,2108400
2024-07-22,45.52,46.45667,44.22667,45.88,1757400
2024-07-23,46.26667,47.67,45.98,47.02,750900
2024-07-24,46.59667,47.78667,45.16333,45.20333,1395600
2024-07-25,45.0,45.34333,42.47,44.58667,1103400
2024-07-26,45.49333,46.8,44.68333,46.42667,715200
2024-07-29,47.4,48.20667,45.053333,45.90333,950700
2024-07-30,45.90333,47.16667,44.13667,44.41667,1697700
2024-07-31,56.33667,62.81667,54.003334,61.21,5279700
2024-08-01,60.56,60.69333,53.02,53.70333,2603400
2024-08-02,51.59,51.66,49.11,51.15333,1573500
2024-08-05,48.0,53.61667,47.66667,50.71,1727400
2024-08-06,51.34333,55.0,50.66667,54.57,1074900
2024-08-07,56.11,56.21333,51.74667,51.91333,1200600
2024-08-08,53.81667,54.93,51.78333,54.83333,587100
2024-08-09,54.67333,54.92,53.33333,54.87333,592500
2024-08-12,55.0,56.33,53.95,54.48333,580200
2024-08-13,54.86,55.25333,53.33333,54.043331,577500
2024-08-14,53.95333,54.66667,51.39,52.22333,912600
2024-08-15,53.66667,56.92333,53.34333,55.66667,948300
2024-08-16,55.37333,56.19333,54.18667,56.17667,711000
2024-08-19,56.33333,58.0,55.33667,57.013332,1248600
2024-08-20,59.29667,60.65667,57.39667,57.81667,1331400
2024-08-21,57.73333,58.080002,55.82333,57.98333,1226400
2024-08-22,58.53667,61.60333,58.53667,59.34,1278600
2024-08-23,59.35667,64.52666,59.35667,64.26,1200900
2024-08-26,65.12666,66.16333,63.99333,64.27666,1301400
2024-08-27,63.41667,63.62,60.48333,61.0,891000
2024-08-28,60.62667,60.87667,54.27,54.89,2648700
2024-08-29,55.086666,56.29,54.2,54.26667,1192200
2024-08-30,54.16667,55.90667,53.93667,55.81333,1163100
2024-09-03,55.040001,55.54667,50.46667,50.87,1776000
2024-09-04,50.36333,52.26667,50.32667,51.076668,1128900
2024-09-05,50.94,51.25,49.15667,49.79,1489200
2024-09-06,49.86667,50.67333,48.79333,50.076668,1074900
2024-09-09,50.49667,52.12,50.49667,51.80333,1106100
2024-09-10,52.0,52.33333,50.94,52.029999,909900
2024-09-11,52.0,54.64667,50.74,54.17333,690000
2024-09-12,54.35,56.97333,53.93,55.68,782400
2024-09-13,56.22667,57.47667,55.88667,56.099998,729000
2024-09-16,56.37333,57.2,55.42333,56.70667,531000
2024-09-17,57.14333,59.55,57.14333,58.14667,943200
2024-09-18,58.61667,62.21,58.61667,60.24333,1336500
2024-09-19,62.65333,64.75333,61.17,64.25667,1640700
2024-09-20,64.25333,69.38333,64.12666,68.78,2284500
2024-09-23,69.48666,73.25667,68.83334,72.23333,2020800
2024-09-24,72.44667,74.41,71.48,72.77,1121400
2024-09-25,72.77,74.65334,70.26334,70.56667,1202700
2024-09-26,73.16666,73.56,70.85667,71.92,589200
2024-09-27,72.22334,74.53,71.066666,73.029999,2695500
2024-09-30,72.66666,75.33334,72.07,73.99667,745500
2024-10-01,73.42333,76.67333,71.4,76.17,1331100
2024-10-02,76.75,77.66666,75.18,77.2,1206300
2024-10-03,77.21333,80.66666,75.11,77.40667,1244100
2024-10-04,79.67667,82.69,79.15667,80.99667,1296000
2024-10-07,81.54333,84.69667,80.83334,82.003334,1280100
2024-10-08,81.67,84.48666,80.053329,84.056664,1201500
2024-10-09,84.95333,86.85,84.17,85.003334,1631100
2024-10-10,84.18333,84.61667,78.51667,82.34333,1413900
2024-10-11,82.22,87.83334,82.21667,87.65667,1136100
2024-10-14,87.63333,89.50667,87.15334,88.82667,852300
2024-10-15,88.19667,88.79667,84.21,88.18333,1004700
2024-10-16,89.94667,93.92,89.5,93.46333,1102200
2024-10-17,94.52333,94.81667,91.34333,91.86,1019100
2024-10-18,92.37334,92.66666,90.28667,90.44334,667800
2024-10-21,90.33334,93.57,89.38667,93.32,894000
2024-10-22,91.99667,92.66666,88.24333,89.029999,1097400
2024-10-23,87.52,87.81667,81.99667,85.056664,1620300
2024-10-24,85.18667,86.32333,82.84333,83.23666,876300
2024-10-25,84.31667,85.98333,83.43333,84.77,696300
2024-10-28,86.55333,88.92,86.11,86.48,792900
2024-10-29,85.19667,87.52666,84.029999,87.12,1255500
2024-10-30,86.59666,87.01667,82.95333,84.8,1229100
2024-10-31,84.39333,85.69,82.68,84.99333,807300
2024-11-01,85.83667,93.59,85.83667,93.11,1761600
2024-11-04,91.076668,93.99667,88.74,89.61667,1443600
2024-11-05,90.57,98.63333,90.57,98.13,966300
2024-11-06,106.90667,116.82667,102.47667,115.92333,1856400
2024-11-07,115.47334,116.33334,110.80666,112.52,1196400
2024-11-08,112.41666,117.58334,111.019997,115.45667,976500
2024-11-11,120.48333,121.66,116.87,117.45667,952800
2024-11-12,115.77666,117.66666,112.66666,114.62,1069800
2024-11-13,114.96667,115.42667,105.35667,105.74333,2057700
2024-11-14,105.74333,106.58,97.97,100.17,1575900
2024-11-15,96.95,99.70667,89.85667,92.84333,1973400
2024-11-18,96.080002,99.040001,95.0,96.33667,1527600
2024-11-19,96.84333,104.21667,96.33667,104.13333,2685900
2024-11-20,89.60333,92.42333,84.066666,87.27333,4024500
2024-11-21,90.13333,98.51,86.33334,95.99667,2313900
2024-11-22,97.85,99.96667,95.67667,96.62666,1314300
2024-11-25,97.66666,97.66666,90.33334,93.53333,2082300
2024-11-26,92.99667,95.97667,88.97667,90.54333,1394700
2024-11-27,91.080002,92.60667,86.003334,87.45,1679700
2024-11-29,88.08667,90.45333,87.76667,89.12666,492000
2024-12-02,89.16666,92.98,87.99667,91.6,1317300
2024-12-03,91.33334,94.85333,88.66666,89.64333,1044900
2024-12-04,91.36333,98.33334,91.33334,97.25333,1859100
2024-12-05,97.17,100.66666,94.63667,95.080002,1143000
2024-12-06,97.17667,97.94667,92.5,93.45667,859200
2024-12-09,93.41666,93.43333,84.76667,85.92333,1628100
2024-12-10,85.66666,86.52666,82.15,83.27,1513800
2024-12-11,86.29667,91.81333,84.66666,89.99,1950000
2024-12-12,89.0,89.76667,84.76,85.25333,1074600
2024-12-13,86.20333,87.33334,82.33334,84.0,1166100
2024-12-16,84.16666,85.89,83.87666,84.19,768300
2024-12-17,82.88333,83.20333,78.78333,80.41666,996600
2024-12-18,81.010002,82.77333,75.81,77.32333,2061600
2024-12-19,78.38333,82.0066681,78.15667,81.15334,1467300
2024-12-20,78.85,85.68333,78.34666,81.93333,3021000
2024-12-23,82.23,82.65667,77.21667,78.059998,1227600
2024-12-24,77.95333,78.51334,76.39,77.53333,616500
2024-12-26,77.53333,78.32,75.53667,77.09333,1736100
2024-12-27,76.14333,77.23,74.10667,77.023331,953100
2024-12-30,75.13333,76.81333,73.80333,75.68667,1161600
2024-12-31,76.31,76.31,73.87334,73.88333,851700
2025-01-02,75.0,78.066666,74.55333,76.25,1926600
2025-01-03,77.40667,82.09333,77.053329,81.96667,1252800
2025-01-06,84.68667,87.41333,82.84666,83.54333,972900
2025-01-07,84.36667,85.31,77.18333,79.040001,891600
2025-01-08,77.5,78.043335,74.41666,76.46,2034000
2025-01-10,75.61333,77.48666,73.62334,77.053329,1104000
2025-01-13,73.67,76.57333,72.66666,76.48333,1392300
2025-01-14,77.78333,81.053329,77.49,79.32,829800
2025-01-15,83.66333,84.11,81.50333,83.080002,1094700
2025-01-16,83.39333,86.14333,83.32,85.74333,663900
2025-01-17,87.50667,87.50667,85.0066681,87.11333,959100
2025-01-21,89.66,96.53667,87.51334,96.38667,1617000
2025-01-22,98.81667,109.84,98.81333,103.79333,2211900
2025-01-23,102.66666,102.66666,96.0,96.81333,1269900
2025-01-24,97.53667,99.45667,94.32,96.93333,1810500
2025-01-27,87.33334,88.0,77.66666,81.28,2995500
2025-01-28,82.85667,83.56667,75.83334,79.42333,1649700
2025-01-29,79.55,81.78,77.33667,80.16666,1330500
2025-01-30,81.66666,81.91666,74.36667,78.79,1795200
2025-01-31,79.58334,80.82667,76.93,79.92667,1906800
2025-02-03,75.050003,79.0,75.050003,78.6,1313400
2025-02-04,78.66666,79.07,75.89333,77.71333,1306200
2025-02-05,79.49667,83.61333,78.93333,81.61667,1596600
2025-02-06,83.20667,84.47667,81.37334,81.61333,1789500
2025-02-07,76.68333,81.96667,72.89333,76.27666,2622900
2025-02-10,76.77666,79.66666,73.29667,73.29667,1877100
2025-02-11,72.38667,72.66,69.64333,70.083336,1765800
2025-02-12,68.51,70.32,68.0,69.81,1935000
2025-02-13,70.72334,73.050003,68.59,71.41666,1499700
2025-02-14,72.0,72.55333,69.92,71.12666,766200
2025-02-18,72.0,74.32667,68.63667,69.52333,1509900
2025-02-19,68.57667,69.36,63.98667,64.78333,1817100
2025-02-20,64.16666,64.83334,61.47333,62.89,1895100
2025-02-21,63.99333,64.0,58.39,59.083332,2006100
2025-02-24,59.21,59.39333,55.77333,56.53,1803300
2025-02-25,55.43333,57.66667,54.13667,56.82,1854300
2025-02-26,58.52333,60.81333,57.72,57.86333,2721900
2025-02-27,59.21,59.64,55.16,55.16,1227900
2025-02-28,54.86,56.64667,53.0,56.57,1592400
2025-03-03,56.97,57.26333,51.25667,52.033333,1596000
2025-03-04,50.33,53.76,48.67333,51.85333,2299800
2025-03-05,52.48667,53.93333,51.049999,53.58667,1945500
2025-03-06,51.60333,52.98333,50.15333,52.45333,1476900
2025-03-07,52.45333,54.53,50.8,54.28667,1401300
2025-03-10,52.19667,54.14333,50.87667,52.73333,1246800
2025-03-11,53.69333,55.84,52.22,54.49667,1277400
2025-03-12,56.91,58.096668,54.21,55.74333,1615800
2025-03-13,55.76667,56.63333,53.53333,55.55667,1181100
2025-03-14,57.083332,58.066666,56.25,57.78667,882900
2025-03-17,57.49667,60.82333,57.49667,59.89333,1157400
2025-03-18,59.0,61.48667,57.41667,60.5,1461900
2025-03-19,61.11,61.66667,58.68,60.50333,1292400
2025-03-20,60.29,61.94667,59.97667,60.45333,677700
2025-03-21,58.91333,61.87,58.39,61.40667,1757400
2025-03-24,63.080002,65.83334,61.75,65.42333,1041300
2025-03-25,65.32333,67.0,64.43667,65.37,1012800
2025-03-26,65.23333,65.23333,61.6,61.78,846900
2025-03-27,60.90667,62.036667,59.83333,60.30667,782100
2025-03-28,59.5,60.33333,57.88,58.90667,1191900
2025-03-31,56.31,57.5,53.74333,56.77667,1180200
2025-04-01,56.85,58.71333,56.07,58.63,604500
2025-04-02,56.71,61.67667,56.39,60.43333,1131600
2025-04-03,55.16667,56.94333,54.38667,56.62333,1048800
2025-04-04,53.46,55.72667,50.96333,54.81667,1693200
2025-04-07,51.53333,60.83333,51.35333,56.27,2022900
2025-04-08,59.81333,59.99,53.66667,54.59,1110000
2025-04-09,54.41333,61.90667,53.98333,61.056667,2240400
2025-04-10,58.45,60.42667,56.11667,57.65333,1183200
2025-04-11,58.10333,58.33333,55.59667,57.74,889800
2025-04-14,59.66667,60.41667,55.87,57.32333,675600
2025-04-15,57.20333,58.55,56.71,57.77,658500
2025-04-16,56.32,56.88,54.093334,55.65,921900
2025-04-17,55.91667,56.45333,54.64,55.74667,620100
2025-04-21,55.20667,55.33333,51.49,53.12667,798000
2025-04-22,53.67667,56.18667,53.67667,55.28333,623400
2025-04-23,58.57667,61.5,57.77333,58.22333,948900
2025-04-24,58.46333,61.50333,58.46333,61.44667,873600
2025-04-25,61.38333,62.37333,60.34,62.2,659700
2025-04-28,62.64667,63.66667,60.5,61.77333,507900
2025-04-29,61.38667,62.28333,60.12667,61.95,456900
2025-04-30,59.91,61.12333,59.083332,61.036667,621900
2025-05-01,62.18333,65.14333,61.98,63.71,973800
2025-05-02,64.67,65.84333,63.8,64.41,944400
2025-05-05,63.80333,64.52,62.68,63.98667,644400
2025-05-06,63.0,64.10333,62.07,63.39,914100
2025-05-07,62.23,62.88333,57.38,58.29333,2069700
2025-05-08,60.0,60.4,58.033333,59.32,1041600
2025-05-09,59.46,60.24667,56.99667,58.25667,1267500
2025-05-12,61.63333,63.92,61.22333,62.63333,1401000
2025-05-13,62.58667,65.94,62.58667,64.96,850500
2025-05-14,65.5,66.063332,60.59667,61.58667,1308000
2025-05-15,61.073334,61.33333,58.96667,59.25333,1316700
2025-05-16,59.33333,61.85667,58.79,61.056667,887100
2025-05-19,59.35,60.87333,59.036667,60.85333,525000
2025-05-20,60.80667,61.09,60.11,60.44333,405900
2025-05-21,59.98667,60.41667,57.75,58.16667,648000
2025-05-22,57.73667,58.67,56.12667,57.75667,783000
2025-05-23,56.57667,58.60667,56.57,58.23333,736500
2025-05-27,59.41333,61.5,57.83333,60.41333,1385400
2025-05-28,60.69,60.7,57.62667,57.88333,735900
2025-05-29,58.36333,58.36333,56.52333,56.8,617700
2025-05-30,56.18,56.93667,54.87667,56.53,858900
2025-06-02,56.33333,57.80667,54.75333,57.55333,1096800
2025-06-03,57.56667,59.21667,56.86667,57.86667,912000
2025-06-04,57.93,59.24333,57.18667,59.14333,681000
2025-06-05,59.33333,61.10333,58.49,60.86667,705600
2025-06-06,61.66667,63.73333,61.10333,63.66333,655200
2025-06-09,64.0,65.25333,62.84667,63.41333,820500
2025-06-10,64.013336,64.22667,61.016666,61.92,529500
2025-06-11,62.48333,65.2,62.16667,64.26667,774300
2025-06-12,62.99333,65.0,62.99333,64.44334,377700
2025-06-13,62.96333,64.059998,62.023335,62.61667,711600
2025-06-16,63.99,66.66666,63.56,65.046669,886200
2025-06-17,64.33334,65.45333,59.82667,60.29667,1723800
2025-06-18,60.22,60.91,59.02,59.64333,824100
2025-06-20,60.0,60.0,58.18333,58.47333,1186800
2025-06-23,58.27,60.23,56.70333,60.17333,595200
2025-06-24,61.20667,63.30333,60.68333,62.82333,552900
2025-06-25,63.16667,64.20333,62.073334,63.42,681000
2025-06-26,64.053329,66.74667,63.58,66.45667,875700
2025-06-27,68.33334,72.56333,67.43667,70.97334,1901700
2025-06-30,72.4,73.81,69.81667,70.15,1076700
2025-07-01,69.066666,71.033333,67.82,70.013336,863700
2025-07-02,69.83334,73.0066681,69.34333,72.84333,843000
2025-07-03,72.84333,74.8,71.26,72.55333,687900
2025-07-07,71.44334,72.62,70.35333,71.96333,615900
2025-07-08,72.62666,73.33334,70.55333,72.13667,568800
2025-07-09,72.90334,73.36667,70.43333,70.63667,474900
2025-07-10,70.81333,71.78,68.68667,70.95667,453300
2025-07-11,70.099998,71.24333,69.92333,70.87334,311700
2025-07-14,70.56,70.56,68.33334,70.18667,690000
2025-07-15,71.0,71.64,69.54,70.36667,478800
2025-07-16,71.39333,73.66666,70.26,72.53333,790800
2025-07-17,72.94667,79.24667,72.75,78.83667,1491900
2025-07-18,78.83667,79.066666,74.91666,76.083336,1728600
2025-07-21,76.083336,76.17,72.66,73.63667,981000
2025-07-22,72.66666,73.81667,70.79667,73.67,773100
2025-07-23,76.0,78.44,75.52333,78.31667,791700
2025-07-24,78.56,81.2,78.37,80.053329,984000
2025-07-25,81.10333,84.003334,81.0066681,82.79,932700
2025-07-28,84.0,84.0,80.4,80.80333,627300
2025-07-29,80.80666,81.73,77.35667,77.77333,696300
2025-07-30,78.099998,79.18,75.73,76.87666,541500
2025-07-31,77.44,81.19334,77.0,79.033333,741900
2025-08-01,75.050003,76.11667,72.046669,75.88667,1194600
2025-08-04,75.88667,76.74,74.033333,76.72334,733500
2025-08-05,76.96333,79.15667,75.68667,78.74667,1424400
2025-08-06,69.0,77.98666,69.0,75.94667,2361300
2025-08-07,76.66666,79.64667,75.64,77.80333,754200
2025-08-08,78.53,81.92,77.73,81.28333,891300
2025-08-11,81.66,88.79,81.32667,88.27666,1411500
2025-08-12,88.41666,91.26,86.043335,90.059998,920100
2025-08-13,91.22334,91.5,83.33334,86.57,1246800
2025-08-14,83.46,85.90334,82.22334,85.16666,586200
2025-08-15,85.10667,85.33334,82.96,84.88,683400
2025-08-18,84.86667,87.043335,83.34333,86.57,487200
2025-08-19,86.37666,86.4,84.32,84.7,482700
2025-08-20,83.45,83.70667,78.5,82.17333,1117200
2025-08-21,82.37,84.58667,81.26667,83.64333,654300
2025-08-22,83.93333,91.95333,83.019997,87.65,1269000
2025-08-25,87.42333,89.33334,85.96,86.12,423900
2025-08-26,86.08667,91.47334,86.003334,91.076668,727800
2025-08-27,91.076668,92.7,90.33334,91.45667,701100
2025-08-28,92.86,94.66666,90.28333,90.42333,761700
2025-08-29,90.46333,90.93333,87.33334,88.72,454800
2025-09-02,86.36333,88.36333,83.85,87.92333,501900
2025-09-03,88.27,89.53,84.63667,85.71667,608400
2025-09-04,86.20333,90.62,85.66666,90.24333,820500
2025-09-05,91.010002,91.50667,86.35667,89.41333,410100
2025-09-08,89.31,92.0,89.26334,90.8,825300
2025-09-09,91.29,92.75333,89.89667,92.29667,569700
2025-09-10,92.92333,96.66666,92.14333,92.33,713700
2025-09-11,93.066666,98.74,93.066666,97.46667,717000
2025-09-12,97.26667,98.69334,95.74667,95.89333,446100
2025-09-15,97.66333,101.29333,97.30666,100.68,562800
2025-09-16,100.45667,100.45667,96.53667,99.41,948300
2025-09-17,99.57,99.73666,95.97334,97.10667,491100
2025-09-18,98.09333,102.85333,97.83334,101.43333,537300
2025-09-19,100.70333,102.62666,98.33334,99.10333,811200
2025-09-22,98.26334,101.12666,97.0,100.96667,463800
2025-09-23,101.18,102.0,95.38333,97.40667,664800
2025-09-24,98.53333,100.66666,97.39,97.88,508800
2025-09-25,94.57333,95.8,92.29667,94.57667,524400
2025-09-26,95.0,97.31667,93.35667,96.99333,361800
2025-09-29,98.64667,102.18,97.83667,101.0066681,802800
2025-09-30,100.55333,101.86333,98.98666,101.60333,585000
2025-10-01,100.003334,106.66666,99.33334,105.74,751800
2025-10-02,106.95333,107.33334,102.066666,102.50667,630600
2025-10-03,102.49,103.33334,99.71,101.35333,672900
2025-10-06,103.33334,104.89,101.65667,103.9,372300
2025-10-07,104.85,108.79667,103.0,104.42333,627000
2025-10-08,104.73333,106.9,103.18,105.13333,884100
2025-10-09,105.053329,105.053329,99.60333,103.17667,594300
2025-10-10,104.94334,107.050003,100.089996,100.35333,594300
2025-10-13,103.26,106.096664,102.97,105.33334,499500
2025-10-14,102.52,108.89333,98.99,105.73333,770400
2025-10-15,105.64,111.65334,105.49667,109.92,996600
2025-10-16,111.55333,113.92,109.48333,112.77333,1281000
2025-10-17,111.029999,114.12,105.44,110.23666,1366500
2025-10-20,113.96,118.43667,112.17,116.4,1028400
2025-10-21,115.52666,117.0,113.81667,116.10667,592200
2025-10-22,116.66666,118.33334,107.30666,110.95667,907500
2025-10-23,111.92333,116.029999,111.92,113.88,401400
2025-10-24,117.18667,122.49333,116.72,121.66333,932400
2025-10-27,123.013336,125.57,121.66666,124.71333,812100
2025-10-28,125.13667,128.98666,125.12334,128.08667,675300
2025-10-29,128.52667,137.66667,127.33334,136.12334,1007100
2025-10-30,133.33333,136.83333,125.11333,125.89667,814800
2025-10-31,128.19333,129.68666,123.58,127.79667,450600
2025-11-03,129.49333,130.91333,124.94,130.23334,616200
2025-11-04,124.72334,131.33333,124.046669,126.71,560700
2025-11-05,126.75,134.33667,126.21333,131.92334,420300
2025-11-06,131.84,131.96001,124.16666,125.0,743400
2025-11-07,120.57667,121.94667,114.43333,121.78667,876300
2025-11-10,126.0,128.33333,120.52666,124.61667,517800
2025-11-11,122.67333,123.26667,118.33334,121.073334,387600
2025-11-12,121.25667,123.31667,115.51,118.74333,568500
2025-11-13,116.81667,116.81667,107.72667,109.4,992100
2025-11-14,104.27,111.36667,102.25,109.88667,688800
2025-11-17,109.88667,112.0,103.11333,105.93667,696300
2025-11-18,104.29333,109.34666,102.7,107.22,901200
2025-11-19,114.13333,114.13333,92.67,95.096664,2529900
2025-11-20,98.47,104.38333,97.43667,98.11667,1515600
2025-11-21,97.63333,98.64667,92.59,94.01667,1324200
2025-11-24,95.0,101.0,95.0,100.026665,671100
2025-11-25,101.42667,106.040001,98.76,104.18333,693300
2025-11-26,104.33334,108.81,104.33334,107.26334,588300
2025-11-28,108.75667,108.75667,106.39333,107.74,195900
2025-12-01,104.066666,107.68667,102.33334,106.53,501000
2025-12-02,107.50667,110.59333,105.23333,107.5,818100
2025-12-03,107.14333,109.013336,103.083336,107.82667,516600
2025-12-04,107.82667,117.053329,106.66666,112.31,620700
2025-12-05,112.27666,114.79333,108.81333,114.043335,443700
2025-12-08,116.22667,116.66333,112.11333,114.28667,689400
2025-12-09,114.28667,117.036667,112.67667,115.019997,569700
2025-12-10,113.52333,121.31333,112.30333,119.94667,592200
2025-12-11,119.88333,123.57333,116.94,120.91333,517800
2025-12-12,120.64667,120.64667,111.033333,112.35667,655500
2025-12-15,113.42667,113.63667,108.98,109.31333,655500
2025-12-16,107.98333,111.99667,106.69667,110.88333,564900
2025-12-17,111.66666,111.70333,103.66666,105.77,740400
2025-12-18,108.49333,110.86667,107.14333,109.58667,361500
2025-12-19,109.99667,112.98666,109.71,110.96667,595200
2025-12-22,111.79,114.07,111.45,112.17667,280200
2025-12-23,110.29333,113.08667,110.040001,112.88,301200
2025-12-24,113.083336,113.33334,111.33334,112.056664,131700
2025-12-26,111.91333,113.92,110.37,113.62,305100
2025-12-29,112.71333,113.79667,111.019997,111.96,435900
2025-12-30,112.63,112.63,109.0,109.15667,283500
2025-12-31,108.76667,109.79,106.013336,106.26,515400
2026-01-02,108.0,118.14333,107.33334,117.50667,755100
2026-01-05,119.95,123.46333,117.53333,120.46333,656100
2026-01-06,120.38,120.75,112.30333,120.0,878700
2026-01-07,120.26334,121.51667,116.29667,118.61667,644400
2026-01-08,118.55333,120.33334,116.49667,119.94,601800
2026-01-09,122.43333,124.66666,119.14,121.83,636900
2026-01-12,121.31667,132.33333,120.71,128.84666,1272900
2026-01-13,130.53667,134.0066681,129.0033264,133.039993,1023600
2026-01-14,130.60667,134.0,129.16667,133.75667,939600
2026-01-15,135.47333,138.26666,131.96666,135.18333,908100
2026-01-16,138.11,148.70334,138.11,139.99333,1411200
2026-01-20,136.0,144.66667,135.0,142.76334,795300
2026-01-21,144.22,144.90334,137.18333,140.61667,518700
2026-01-22,143.57666,144.66667,137.43333,142.28999,780600
2026-01-23,142.55667,144.66667,136.83667,139.31667,1200000
2026-01-26,138.44,144.37,137.89,141.14667,789000
2026-01-27,142.60667,148.33333,141.14999,147.42667,771900
2026-01-28,148.66,151.95,146.16667,147.81334,642900
2026-01-29,150.77,154.070007,145.78667,152.31,460800
2026-01-30,150.66667,155.95,146.31334,147.86333,857400
2026-02-02,146.35667,157.26334,146.16667,146.78667,1368300
2026-02-03,147.99001,155.92334,146.87,151.080002,1076100
2026-02-04,155.27667,189.93333,152.66667,175.76666,2280900
2026-02-05,170.66667,181.059998,167.40666,179.60333,1237200
2026-02-06,183.33333,196.28334,181.89999,194.74001,1566600
2026-02-09,196.26666,197.92,181.91667,187.29666,1399200
2026-02-10,185.95,192.10001,183.33333,190.08667,1174800
2026-02-11,195.47,202.0,186.36,197.45,1035000
2026-02-12,198.13333,204.16667,194.66667,197.63333,784800
2026-02-13,197.17334,201.32666,192.20334,195.023331,515100
2026-02-17,191.71001,193.98334,185.5,187.21333,516900
2026-02-18,186.87334,190.66667,179.0,180.99333,756900
2026-02-19,180.40666,185.0,178.66667,178.78667,670800
2026-02-20,178.39667,186.52,174.91,182.27333,633600
2026-02-23,182.27,185.0,177.46001,181.38333,577200
2026-02-24,179.94333,188.83333,178.32666,186.38667,783600
2026-02-25,188.33333,188.66667,182.0,183.0,628500
2026-02-26,183.27,185.66667,170.24001,176.96001,815700
2026-02-27,172.64667,176.66333,169.0,174.53334,579600
2026-03-02,171.25667,180.44667,168.66667,177.5,407100
2026-03-03,168.45,173.33,165.72,170.37334,591300
2026-03-04,171.83333,175.0,166.0,170.96333,769200
2026-03-05,166.33333,172.66667,165.34666,167.67,835200
2026-03-06,161.59,165.47667,158.66667,161.21666,571800
2026-03-09,157.56334,174.070007,157.50333,173.36333,814500
2026-03-10,173.91,181.66667,173.91,176.51334,576300
2026-03-11,174.66333,180.95667,171.33667,171.73334,636600
2026-03-12,168.26666,172.67,163.0,171.18666,885900
2026-03-13,172.81334,176.89333,164.78667,167.57001,541500
2026-03-16,171.16333,176.65334,169.22667,170.60667,402900
2026-03-17,171.33333,175.99667,170.0066681,174.039993,402000
2026-03-18,175.44,179.039993,165.88667,167.41,791700
2026-03-19,164.25,177.8,163.33333,175.13333,760500
2026-03-20,170.0,174.69,168.66667,172.0,1087500
2026-03-23,176.40666,186.66667,176.40666,180.86333,657600
2026-03-24,178.64,187.66667,177.096664,186.82001,759300
2026-03-25,191.66667,196.66667,189.69667,194.85333,785400
2026-03-26,191.59,191.59,173.71001,174.79666,757800
2026-03-27,174.79666,181.64,174.79666,179.34666,629700
2026-03-30,180.27,180.80667,165.25667,167.52,832500
2026-03-31,169.62,180.70334,168.89333,180.36,471300
2026-04-01,185.94667,190.53,183.0,184.68333,455700
2026-04-02,176.47,188.046661,175.0,182.60333,339600
2026-04-06,182.10001,188.44,178.050003,186.72,397000
2026-04-07,184.66,202.49001,183.2,201.7,856900
2026-04-08,214.61,221.66,208.55,218.070007,1065100
2026-04-09,217.92,237.78999,217.50999,230.81,822300
2026-04-10,230.81,235.31,227.0,230.94,708800
2026-04-13,229.19,232.62,225.10001,228.99001,449400
2026-04-14,232.42,236.33,225.10001,234.42,619900
2026-04-15,231.38,234.0,224.21001,229.73,471900
2026-04-16,229.77,234.070007,224.0,232.81,452600
2026-04-17,237.0,246.69,230.71001,241.0099945,928900
2026-04-20,241.0099945,245.99001,235.42999,241.64999,355500
2026-04-21,243.82001,250.64,240.020004,240.97,634300
2026-04-22,246.62,250.089996,237.5,242.77,507600
2026-04-23,245.57001,257.17999,245.57001,252.17999,522900
2026-04-24,256.78,258.42001,246.0,252.75999,418900
2026-04-27,261.88,263.85999,250.10001,260.51999,732200
2026-04-28,253.95,259.13,246.14,255.56,655100
2026-04-29,264.14001,264.64999,249.039993,253.49001,492100
2026-04-30,259.32999,279.56,258.28,277.26999,773800
2026-05-01,277.5,283.32999,272.10001,275.32999,748400
2026-05-04,281.040009,290.39999,267.26999,269.95001,1465400
2026-05-05,278.19,312.0,274.57001,294.69,1355600
2026-05-06,308.0,325.94,301.51001,320.29999,1093500
2026-05-07,319.76999,321.29999,300.14001,305.92999,897100
2026-05-08,312.0,313.20001,300.16,309.39001,495200
2026-05-11,311.5,328.0,311.5,322.049988,497400
2026-05-12,314.019989,320.0,294.5,308.049988,878300
2026-05-13,315.0,317.89999,296.94,300.84,503700
2026-05-14,301.0,301.85001,289.37,296.98001,599700
2026-05-15,291.60999,293.84,277.019989,292.64999,1260100
2026-05-18,288.89001,290.25,259.0,266.79999,909200
2026-05-19,260.41,266.81,250.31,261.57999,621400
2026-05-20,268.19,273.69,262.89001,271.049988,398100
2026-05-21,271.79999,277.78,264.54001,270.75,515200
2026-05-22,274.81,280.44,267.63,279.22,409600
2026-05-26,288.59,292.98999,281.64999,291.97,487400
2026-05-27,294.78,297.059998,280.5,295.94,424000
2026-05-28,293.20999,293.98999,281.01001,288.89999,447300
2026-05-29,287.23001,293.0,273.67999,284.42001,720500
2026-06-01,280.64001,291.0,271.0,288.12,513200
2026-06-02,292.44,300.0,279.0,299.070007,496100
2026-06-03,299.5,306.88,283.19,299.73001,810300
2026-06-04,290.01001,306.85999,287.070007,300.059998,417600
2026-06-05,291.25,298.20001,281.88,284.87,473000
2026-06-08,297.22,297.98999,286.0,293.60001,421600
2026-06-09,298.98001,309.75,266.040009,283.51001,830900
2026-06-10,280.98999,293.019989,259.57001,262.34,726900
2026-06-11,272.64001,293.26999,268.12,290.5,679100
2026-06-12,295.0,304.16,291.01001,294.75,500900
2026-06-15,308.29001,311.79999,294.54001,303.53,472100
2026-06-16,304.0,310.76999,291.42001,292.70001,507400
2026-06-17,297.54001,306.0,290.72,294.029999,541100
2026-06-18,299.66,303.38,283.88,297.20001,1166500
2026-06-22,303.42999,313.32999,297.82001,307.79999,856300
2026-06-23,287.54999,302.42999,280.0,291.5,1081900
2026-06-24,291.13,302.14999,287.95999,294.48999,368700
2026-06-25,302.67999,316.98999,300.38,309.20001,774000
2026-06-26,296.12,299.51001,275.87,279.76999,3521800
2026-06-29,280.01001,290.88,273.84,281.089996,734400
2026-06-30,284.75,288.57001,279.0,286.35999,598900
2026-07-01,275.89001,276.44,262.0,264.85999,817500
2026-07-02,264.85999,269.42001,243.35001,246.33,936600
2026-07-06,249.37,261.67001,245.44,248.050003,588600
2026-07-07,237.47,238.0,226.0099945,234.050003,931200
2026-07-08,230.0,239.050003,228.53,231.85001,671400
2026-07-09,241.55,244.0,235.27,236.58,470000
2026-07-10,233.61,234.98,229.44,232.19,606700
2026-07-13,225.94,232.49001,222.92999,225.66,1072100
2026-07-14,234.3,236.99001,230.21001,234.25,747700
2026-07-15,242.17999,248.33,233.64999,247.0099945,874100
2026-07-16,240.84,248.050003,233.64999,235.78999,894900
2026-07-17,228.14,240.5,223.50999,232.78999,1547800
2026-07-20,234.99001,241.42,228.0,228.28,584700
2026-07-21,238.61,246.50999,232.98,244.39,594500
2026-07-22,237.52,245.84,236.24001,240.67999,407800
2026-07-23,239.070007,247.88,239.070007,242.47,546700
2026-07-24,241.5,241.5,226.0,232.16,528531
