Unnamed: 0,DateTime,Open,High,Low,Close,Volume
0.0,2020-01-02,16.84,16.9,16.7507,16.81,13492427
1.0,2020-01-03,16.92,16.95,16.8,16.84,13528880
2.0,2020-01-06,17.17,17.18,16.8201,16.94,18069216
3.0,2020-01-07,16.98,17.21,16.93,17.17,16001211
4.0,2020-01-08,17.16,17.1885,16.86,16.93,29947704
5.0,2020-01-09,16.72,16.76,16.62,16.72,14807326
6.0,2020-01-10,16.8,16.9566,16.78,16.89,9406627
7.0,2020-01-13,16.84,16.85,16.73,16.78,10658665
8.0,2020-01-14,16.6,16.68,16.54,16.62,12185319
9.0,2020-01-15,16.73,16.85,16.705,16.81,10948914
10.0,2020-01-16,16.78,16.825,16.72,16.77,8376483
11.0,2020-01-17,16.83,16.89,16.74,16.82,12339229
12.0,2020-01-21,16.5,16.71,16.46,16.64,13645125
13.0,2020-01-22,16.71,16.75,16.62,16.66,7441784
14.0,2020-01-23,16.58,16.69,16.56,16.61,10803413
15.0,2020-01-24,16.69,16.95,16.675,16.91,16075049
16.0,2020-01-27,17.04,17.06,16.84,16.89,11885598
17.0,2020-01-28,16.58,16.605,16.28,16.32,27626330
18.0,2020-01-29,16.28,16.43,16.27,16.41,9629913
19.0,2020-01-30,16.73,16.85,16.59,16.68,22673756
20.0,2020-01-31,16.69,16.9,16.68,16.82,17223371
21.0,2020-02-03,16.61,16.6161,16.43,16.5,17770561
22.0,2020-02-04,16.52,16.5399,16.3642,16.45,13522262
23.0,2020-02-05,16.45,16.4811,16.39,16.46,8713851
24.0,2020-02-06,16.65,16.66,16.55,16.63,10583480
25.0,2020-02-07,16.61,16.64,16.47,16.54,11066421
26.0,2020-02-10,16.59,16.66,16.54,16.61,7382747
27.0,2020-02-11,16.54,16.55,16.4,16.48,10832680
28.0,2020-02-12,16.35,16.4,16.3,16.33,10358679
29.0,2020-02-13,16.53,16.55,16.45,16.46,7589232
30.0,2020-02-14,16.61,16.616,16.54,16.56,8611213
31.0,2020-02-18,16.78,17.02,16.73,17.01,18508009
32.0,2020-02-19,17.04,17.24,16.99,17.23,16491213
33.0,2020-02-20,17.09,17.2,17.07,17.14,13454324
34.0,2020-02-21,17.27,17.41,17.24,17.28,18341673
35.0,2020-02-24,17.56,17.69,17.3,17.4,29339006
36.0,2020-02-25,17.13,17.2,16.665,16.71,42614665
37.0,2020-02-26,16.7,16.8199,16.6,16.68,22378768
38.0,2020-02-27,16.79,16.84,16.45,16.47,40098566
39.0,2020-02-28,15.89,15.89,15.28,15.53,68672694
40.0,2020-03-02,15.61,15.7093,15.53,15.56,29297880
41.0,2020-03-03,15.73,16.31,15.7,16.02,51453112
42.0,2020-03-04,16.01,16.105,15.94,16.09,15904610
43.0,2020-03-05,16.12,16.3,16.1,16.3,16083992
44.0,2020-03-06,16.24,16.26,15.89,16.18,27540452
45.0,2020-03-09,15.78,15.95,15.63,15.88,34388951
46.0,2020-03-10,15.88,15.89,15.685,15.73,26387324
47.0,2020-03-11,15.8,15.86,15.55,15.63,26575224
48.0,2020-03-12,15.0,15.125,14.4835,14.62,60548668
49.0,2020-03-13,14.67,14.69,13.47,13.69,66735961
50.0,2020-03-16,11.83,12.41,11.675,12.0,56056818
51.0,2020-03-17,11.64,12.38,11.52,11.88,55691236
52.0,2020-03-18,11.44,11.62,10.86,11.21,63234614
53.0,2020-03-19,11.34,11.44,11.04,11.32,52642205
54.0,2020-03-20,11.72,11.925,11.5201,11.62,41231773
55.0,2020-03-23,11.97,12.39,11.87,12.31,47133090
56.0,2020-03-24,13.23,13.38,12.87,13.29,41209447
57.0,2020-03-25,13.26,13.6499,13.19,13.51,40503419
58.0,2020-03-26,13.59,13.71,13.35,13.53,35076445
59.0,2020-03-27,13.51,13.53,13.29,13.44,19555558
60.0,2020-03-30,13.06,13.27,12.88,13.16,26617549
61.0,2020-03-31,13.12,13.32,12.95,13.05,23214822
62.0,2020-04-01,13.0,13.14,12.87,13.02,17824215
63.0,2020-04-02,13.42,13.5902,13.345,13.53,20635356
64.0,2020-04-03,13.48,13.5401,13.33,13.46,15810613
65.0,2020-04-06,13.57,14.09,13.47,14.03,33922460
66.0,2020-04-07,14.21,14.23,13.87,13.99,22812226
67.0,2020-04-08,14.03,14.075,13.87,13.94,14213736
68.0,2020-04-09,14.31,14.519,14.185,14.34,30312880
69.0,2020-04-13,14.19,14.49,14.13,14.4,19793734
70.0,2020-04-14,14.58,14.795,14.46,14.65,25722507
71.0,2020-04-15,14.49,14.5,14.25,14.49,18239744
72.0,2020-04-16,14.37,14.51,14.18,14.51,19663949
73.0,2020-04-17,14.27,14.31,14.07,14.15,17462355
74.0,2020-04-20,14.2,14.4,14.19,14.26,18226835
75.0,2020-04-21,13.66,13.915,13.55,13.88,24274267
76.0,2020-04-22,14.01,14.14,13.925,14.09,19268559
77.0,2020-04-23,14.25,14.41,14.085,14.21,21764503
78.0,2020-04-24,14.28,14.325,14.01,14.21,15131773
79.0,2020-04-27,14.21,14.23,14.01,14.21,11423497
80.0,2020-04-28,14.19,14.19,13.97,14.1,11221280
81.0,2020-04-29,14.18,14.36,14.07,14.28,16889543
82.0,2020-04-30,14.07,14.17,13.76,13.98,26829126
83.0,2020-05-01,13.9,14.02,13.75,13.92,16724413
84.0,2020-05-04,13.81,13.88,13.73,13.77,17912764
85.0,2020-05-05,13.92,14.03,13.82,13.93,16678428
86.0,2020-05-06,13.95,14.0,13.88,13.92,10596021
87.0,2020-05-07,14.06,14.4,14.0301,14.26,37394798
88.0,2020-05-08,14.36,14.6,14.35,14.44,31544344
89.0,2020-05-11,14.5,14.52,14.31,14.44,18529392
90.0,2020-05-12,14.51,14.58,14.39,14.42,19816586
91.0,2020-05-13,14.45,14.57,14.38,14.55,19797917
92.0,2020-05-14,14.49,14.83,14.47,14.81,33095802
93.0,2020-05-15,15.42,15.61,15.24,15.51,54736203
94.0,2020-05-18,15.95,16.04,15.74,15.79,48124290
95.0,2020-05-19,16.15,16.32,16.075,16.17,48516914
96.0,2020-05-20,16.27,16.445,16.21,16.36,39047948
97.0,2020-05-21,16.13,16.15,15.71,15.96,37580259
98.0,2020-05-22,15.96,16.09,15.915,16.04,25203359
99.0,2020-05-26,16.28,16.28,15.86,15.97,30607218
100.0,2020-05-27,15.75,16.2,15.72,16.15,36108970
101.0,2020-05-28,16.24,16.3361,16.1,16.19,30255738
102.0,2020-05-29,16.55,16.7,16.49,16.66,42255863
103.0,2020-06-01,16.86,17.1,16.83,17.1,31283169
104.0,2020-06-02,17.06,17.07,16.57,16.84,32202592
105.0,2020-06-03,16.5,16.56,16.27,16.48,36302865
106.0,2020-06-04,16.54,16.6389,16.36,16.54,20272495
107.0,2020-06-05,16.18,16.23,16.04,16.2,27360385
108.0,2020-06-08,16.35,16.6,16.275,16.59,25594822
109.0,2020-06-09,16.43,16.57,16.3617,16.42,18582710
110.0,2020-06-10,16.7,16.96,16.3601,16.96,40556950
111.0,2020-06-11,16.75,16.88,16.28,16.44,41000093
112.0,2020-06-12,16.44,16.55,16.21,16.28,31220554
113.0,2020-06-15,15.87,16.28,15.79,16.23,28946327
114.0,2020-06-16,16.2,16.38,16.18,16.26,23368015
115.0,2020-06-17,16.34,16.41,16.245,16.33,13485680
116.0,2020-06-18,16.2,16.255,16.12,16.21,15444939
117.0,2020-06-19,16.43,16.6,16.36,16.49,26968822
118.0,2020-06-22,16.72,16.81,16.46,16.5,26625376
119.0,2020-06-23,16.73,16.77,16.64,16.76,25742469
120.0,2020-06-24,16.36,16.62,16.24,16.28,25976497
121.0,2020-06-25,16.5,16.61,16.41,16.59,16699833
122.0,2020-06-26,16.49,16.735,16.29,16.63,26029207
123.0,2020-06-29,16.58,16.66,16.49,16.65,13861902
124.0,2020-06-30,16.65,17.01,16.65,17.01,37872863
125.0,2020-07-01,17.01,17.03,16.615,16.82,36577144
126.0,2020-07-02,16.7,16.89,16.671,16.71,18564074
127.0,2020-07-06,17.08,17.16,16.95,17.05,24977639
128.0,2020-07-07,16.93,17.1197,16.92,17.01,25945181
129.0,2020-07-08,17.33,17.49,17.3,17.49,37782447
130.0,2020-07-09,17.7,17.74,17.2233,17.38,40376175
131.0,2020-07-10,17.49,17.53,17.3,17.43,20454508
132.0,2020-07-13,17.99,18.08,17.71,17.73,49876286
133.0,2020-07-14,17.71,18.0,17.67,17.97,35495226
134.0,2020-07-15,17.89,18.17,17.83,18.17,36148454
135.0,2020-07-16,17.98,18.06,17.78,17.78,29566988
136.0,2020-07-17,17.98,18.07,17.89,18.01,34200144
137.0,2020-07-20,18.36,18.57,18.23,18.53,41717147
138.0,2020-07-21,19.52,19.88,19.42,19.67,76947267
139.0,2020-07-22,20.65,21.45,20.51,21.44,125780305
140.0,2020-07-23,21.1,21.51,20.72,21.03,95257090
141.0,2020-07-24,21.34,21.36,20.93,21.21,49831674
142.0,2020-07-27,22.56,22.85,22.42,22.83,94894562
143.0,2020-07-28,22.31,22.97,22.07,22.77,94721847
144.0,2020-07-29,22.68,23.25,21.71,22.57,83963383
145.0,2020-07-30,21.7,22.01,21.4,21.76,60066524
146.0,2020-07-31,22.21,22.67,22.11,22.65,49164095
147.0,2020-08-03,22.59,22.775,22.38,22.74,40947457
148.0,2020-08-04,22.7,24.25,22.62,24.25,75735420
149.0,2020-08-05,25.12,25.28,24.61,25.05,92854818
150.0,2020-08-06,26.31,26.9,25.88,26.88,108854556
151.0,2020-08-07,26.28,26.375,25.48,26.19,123705151
152.0,2020-08-10,26.59,27.39,26.57,27.0,81732464
153.0,2020-08-11,25.23,25.52,23.055,23.33,165630254
154.0,2020-08-12,24.15,24.42,23.39,23.42,80902871
155.0,2020-08-13,24.65,25.81,24.57,25.45,95485033
156.0,2020-08-14,25.11,25.23,23.975,24.58,73263636
157.0,2020-08-17,25.48,25.67,25.24,25.62,49360446
158.0,2020-08-18,26.42,26.485,25.23,25.88,58275786
159.0,2020-08-19,25.94,26.0499,24.7,24.88,72926352
160.0,2020-08-20,24.93,25.64,24.88,25.61,43984005
161.0,2020-08-21,24.87,25.02,24.42,24.9,55295523
162.0,2020-08-24,25.08,25.1,24.52,24.6,37090414
163.0,2020-08-25,24.73,24.77,24.26,24.76,34800076
164.0,2020-08-26,24.63,25.57,24.61,25.57,55145544
165.0,2020-08-27,25.89,25.9,24.68,25.16,63820728
166.0,2020-08-28,25.61,25.81,25.47,25.61,35855803
167.0,2020-08-31,26.04,26.42,25.95,26.23,36721088
168.0,2020-09-01,26.73,26.75,25.67,26.14,49242742
169.0,2020-09-02,25.72,25.73,25.2,25.55,43040972
170.0,2020-09-03,25.39,25.51,24.6427,24.74,64081577
171.0,2020-09-04,24.85,25.14,24.47,25.06,48439271
172.0,2020-09-08,24.44,25.09,24.05,24.75,44508487
173.0,2020-09-09,24.98,25.25,24.88,25.18,28197157
174.0,2020-09-10,25.53,25.57,24.84,24.86,47518581
175.0,2020-09-11,25.03,25.17,24.731,24.9,27839252
176.0,2020-09-14,25.13,25.42,25.13,25.29,26044330
177.0,2020-09-15,25.44,25.5,25.135,25.23,26323690
178.0,2020-09-16,25.46,25.54,25.0,25.23,36351718
179.0,2020-09-17,24.65,25.24,24.51,25.23,28618638
180.0,2020-09-18,24.98,25.26,24.92,24.93,23915525
181.0,2020-09-21,24.2,24.34,22.06,23.03,99141370
182.0,2020-09-22,22.81,22.98,22.46,22.79,32002298
183.0,2020-09-23,21.93,22.07,21.02,21.17,98246394
184.0,2020-09-24,20.58,21.73,20.45,21.56,72092999
185.0,2020-09-25,21.16,21.535,21.11,21.3,34913054
186.0,2020-09-28,21.7255,22.08,21.5,22.02,31756787
187.0,2020-09-29,22.24,22.71,22.165,22.5,33384078
188.0,2020-09-30,22.27,22.38,21.53,21.64,43717724
189.0,2020-10-01,22.01,22.5,21.76,22.09,35290691
190.0,2020-10-02,22.25,22.52,22.04,22.13,25735108
191.0,2020-10-05,22.32,22.81,22.3,22.62,22288136
192.0,2020-10-06,22.62,22.73,21.6211,21.73,31901987
193.0,2020-10-07,21.98,22.32,21.89,22.09,18967293
194.0,2020-10-08,22.39,22.53,22.01,22.18,20342223
195.0,2020-10-09,22.8,23.42,22.77,23.41,39187409
196.0,2020-10-12,23.34,23.5,23.06,23.33,25221686
197.0,2020-10-13,22.7,22.7,22.27,22.49,42797010
198.0,2020-10-14,22.8,22.92,22.47,22.54,26426435
199.0,2020-10-15,22.05,22.62,22.0,22.59,24000853
200.0,2020-10-16,22.7599,22.81,22.42,22.42,19144083
201.0,2020-10-19,23.04,23.0702,22.515,22.58,25444639
202.0,2020-10-20,22.86,23.19,22.81,23.02,26084727
203.0,2020-10-21,23.31,23.53,23.2,23.29,23803599
204.0,2020-10-22,23.05,23.09,22.67,22.96,19961828
205.0,2020-10-23,23.02,23.025,22.7,22.94,18613952
206.0,2020-10-26,22.66,22.81,22.515,22.61,17609231
207.0,2020-10-27,22.61,22.8,22.51,22.73,15354680
208.0,2020-10-28,21.82,21.8781,21.42,21.78,38142201
209.0,2020-10-29,21.29,21.94,21.27,21.71,23123461
210.0,2020-10-30,22.04,22.115,21.78,21.99,22128965
211.0,2020-11-02,22.27,22.44,22.09,22.41,18598974
212.0,2020-11-03,22.63,22.65,22.38,22.44,18195985
213.0,2020-11-04,22.35,22.5,22.1,22.24,31130600
214.0,2020-11-05,23.02,23.66,23.0,23.61,57395789
215.0,2020-11-06,23.92,23.96,23.4838,23.79,32804488
216.0,2020-11-09,22.78,22.79,21.92,22.5,70211984
217.0,2020-11-10,22.62,22.78,22.4,22.43,25237858
218.0,2020-11-11,22.23,22.58,22.2,22.52,17925553
219.0,2020-11-12,22.54,22.695,22.495,22.55,14173290
220.0,2020-11-13,23.04,23.085,22.88,22.9,15646722
221.0,2020-11-16,22.87,23.1,22.815,23.02,19862944
222.0,2020-11-17,22.85,22.9,22.65,22.74,15381544
223.0,2020-11-18,22.72,22.9781,22.54,22.55,16177187
224.0,2020-11-19,22.12,22.445,22.075,22.42,14985349
225.0,2020-11-20,22.71,22.8059,22.47,22.49,15531899
226.0,2020-11-23,22.36,22.37,21.78,21.93,30528434
227.0,2020-11-24,21.5,21.69,21.41,21.63,31397039
228.0,2020-11-25,21.72,21.85,21.64,21.72,13571301
229.0,2020-11-27,20.95,21.167573,20.91,21.05,19804419
230.0,2020-11-30,20.67,21.09,20.6,21.05,20579982
231.0,2020-12-01,21.93,22.37,21.8505,22.3,32968947
232.0,2020-12-02,22.095,22.3892,21.98,22.33,19383721
233.0,2020-12-03,22.34,22.44,22.07,22.43,18680410
234.0,2020-12-04,22.41,22.59,22.25,22.48,20904032
235.0,2020-12-07,22.2587,23.04,22.25,22.82,28112494
236.0,2020-12-08,22.92,23.12,22.73,22.82,16554581
237.0,2020-12-09,22.54,22.57,21.93,22.23,31349888
238.0,2020-12-10,22.38,22.58,22.185,22.32,13565722
239.0,2020-12-11,22.23,22.43,22.19,22.26,10761984
240.0,2020-12-14,22.35,22.53,22.12,22.16,16111135
241.0,2020-12-15,22.66,22.83,22.6,22.8,17286682
242.0,2020-12-16,23.22,23.65,22.96,23.62,45978796
243.0,2020-12-17,24.085,24.27,23.95,24.15,39546231
244.0,2020-12-18,24.02,24.13,23.865,23.96,29676306
245.0,2020-12-21,24.1155,24.5,24.1,24.38,44728936
246.0,2020-12-22,24.02,24.13,23.31,23.43,42312179
247.0,2020-12-23,23.7,23.98,23.68,23.8,24702531
248.0,2020-12-28,24.67,24.84,24.365,24.43,29575639
249.0,2020-12-29,24.36,24.53,24.11,24.39,23871452
250.0,2020-12-30,24.42,24.77,24.37,24.76,18836154
251.0,2020-12-31,24.61,24.725,24.37,24.57,24639739
252.0,2021-01-04,25.54,25.61,24.865,25.35,54025957
253.0,2021-01-05,25.46,25.74,25.28,25.67,32882000
254.0,2021-01-06,25.34,25.4,24.72,25.34,54978682
255.0,2021-01-07,25.22,25.37,25.05,25.26,27335818
256.0,2021-01-08,24.73,24.759,22.74,23.51,107226827
257.0,2021-01-11,22.95,23.49,22.92,23.21,42427400
258.0,2021-01-12,23.55,23.825,23.375,23.72,28423083
259.0,2021-01-13,23.58,23.74,23.38,23.44,23619522
260.0,2021-01-14,23.61,24.07,23.59,23.71,35838279
261.0,2021-01-15,23.17,23.36,22.835,22.95,41576436
262.0,2021-01-19,23.48,23.52,23.22,23.38,26077138
263.0,2021-01-20,23.65,24.05,23.62,24.01,26653484
264.0,2021-01-21,24.01,24.21,23.84,24.15,19598368
265.0,2021-01-22,23.515,23.775,23.38,23.66,19320586
266.0,2021-01-25,23.84,23.89,23.37,23.55,22030502
267.0,2021-01-26,23.65,23.83,23.55,23.65,13923919
268.0,2021-01-27,23.335,23.6181,22.94,23.42,36774382
269.0,2021-01-28,24.53,25.1,23.83,24.72,152066890
270.0,2021-01-29,25.31,25.48,24.775,24.99,113552022
271.0,2021-02-01,27.76,27.98,26.1,26.76,280615006
272.0,2021-02-02,25.54,25.55,24.4101,24.54,124327428
273.0,2021-02-03,25.0,25.1,24.79,24.93,54593279
274.0,2021-02-04,24.38,24.5389,24.06,24.48,51529188
275.0,2021-02-05,24.7401,25.14,24.6501,24.95,33704042
276.0,2021-02-08,25.51,25.63,25.37,25.39,40683245
277.0,2021-02-09,25.5647,25.62,25.14,25.28,31182512
278.0,2021-02-10,25.44,25.4641,24.9101,25.07,36120078
279.0,2021-02-11,25.26,25.3399,24.91,25.09,29925514
280.0,2021-02-12,25.13,25.4881,25.05,25.31,24872361
281.0,2021-02-16,25.155,25.7,25.05,25.26,45946633
282.0,2021-02-17,25.16,25.435,24.93,25.4,32372698
283.0,2021-02-18,25.23,25.38,24.95,25.06,22250874
284.0,2021-02-19,25.4199,25.62,25.2,25.26,39603389
285.0,2021-02-22,25.49,26.28,25.43,26.27,55307690
286.0,2021-02-23,25.8301,25.85,25.29,25.71,40191364
287.0,2021-02-24,25.48,25.97,25.365,25.94,24093135
288.0,2021-02-25,25.81,26.02,25.4,25.4,38673987
289.0,2021-02-26,24.9999,25.0111,24.27,24.66,54587116
290.0,2021-03-01,24.96,25.0404,24.545,24.6,35637542
291.0,2021-03-02,24.5,24.99,24.4401,24.8,29101947
292.0,2021-03-03,24.31,24.605,23.99,24.28,41733432
293.0,2021-03-04,24.11,24.43,23.265,23.56,63992607
294.0,2021-03-05,23.59,23.59,23.05,23.36,30560468
295.0,2021-03-08,23.43,23.57,23.28,23.32,18703120
296.0,2021-03-09,24.04,24.265,24.0129,24.05,29023990
297.0,2021-03-10,24.18,24.35,24.03,24.32,20388751
298.0,2021-03-11,24.18,24.33,23.98,24.25,23587844
299.0,2021-03-12,23.64,24.0789,23.57,24.03,23409766
300.0,2021-03-15,24.27,24.41,24.13,24.33,21947786
301.0,2021-03-16,24.07,24.28,23.98,24.1,19951239
302.0,2021-03-17,24.12,24.625,24.04,24.42,45692554
303.0,2021-03-18,24.0,24.47,23.99,24.1,40337684
304.0,2021-03-19,24.26,24.379,24.12,24.31,22871475
305.0,2021-03-22,23.79,23.955,23.711,23.94,23780961
306.0,2021-03-23,23.49,23.54,23.21,23.22,28806840
307.0,2021-03-24,23.47,23.5099,23.22,23.24,18289619
308.0,2021-03-25,23.075,23.38,23.0289,23.29,29613102
309.0,2021-03-26,23.2,23.31,23.09,23.23,14587610
310.0,2021-03-29,23.09,23.14,22.6993,22.91,27664905
311.0,2021-03-30,22.4399,22.4895,22.1301,22.26,31973568
312.0,2021-03-31,22.31,22.76,22.26,22.7,24331337
313.0,2021-04-01,22.87,23.15,22.8,23.15,21555372
314.0,2021-04-05,23.04,23.2,22.89,23.09,13959604
315.0,2021-04-06,23.28,23.48,23.2501,23.34,18963126
316.0,2021-04-07,23.25,23.47,23.2,23.33,12932742
317.0,2021-04-08,23.68,23.78,23.58,23.62,16756092
318.0,2021-04-09,23.29,23.485,23.25,23.41,15692794
319.0,2021-04-12,23.28,23.32,22.93,23.04,22788371
320.0,2021-04-13,23.51,23.655,23.465,23.51,18876642
321.0,2021-04-14,23.43,23.65,23.425,23.59,11107147
322.0,2021-04-15,23.7795,24.1299,23.7622,24.03,29376612
323.0,2021-04-16,24.2,24.22,24.06,24.09,20854458
324.0,2021-04-19,23.93,24.045,23.785,23.98,16333332
325.0,2021-04-20,23.9,24.22,23.9,23.96,20911618
326.0,2021-04-21,24.15,24.735,24.1243,24.7,32992878
327.0,2021-04-22,24.43,24.47,24.11,24.21,25916426
328.0,2021-04-23,24.33,24.39,23.9801,24.14,18442152
329.0,2021-04-26,24.3261,24.33,24.175,24.3,11054460
330.0,2021-04-27,24.45,24.525,24.345,24.39,12866187
331.0,2021-04-28,24.1,24.4,23.97,24.4,20534543
332.0,2021-04-29,24.22,24.27,23.855,24.25,23251472
333.0,2021-04-30,24.21,24.27,23.9496,24.01,16806782
334.0,2021-05-03,24.6111,25.05,24.51,24.96,36331496
335.0,2021-05-04,25.0,25.16,24.21,24.57,37719431
336.0,2021-05-05,24.5,24.5999,24.22,24.57,7161114
337.0,2021-05-06,24.9,25.48,24.8999,25.37,32473604
338.0,2021-05-07,25.2823,25.5,25.17,25.47,25364444
339.0,2021-05-10,25.8,25.87,25.26,25.35,28424212
340.0,2021-05-11,25.23,25.67,25.19,25.67,23444054
341.0,2021-05-12,25.4021,25.565,25.05,25.09,35338051
342.0,2021-05-13,24.97,25.19,24.92,25.16,25131032
343.0,2021-05-14,25.39,25.5,25.29,25.46,22955710
344.0,2021-05-17,25.56,26.25,25.55,26.19,41874749
345.0,2021-05-18,26.37,26.39,25.98,26.15,28338868
346.0,2021-05-19,25.69,26.2,25.49,25.73,43585719
347.0,2021-05-20,25.81,25.98,25.65,25.79,20364600
348.0,2021-05-21,25.98,25.985,25.23,25.53,31146283
349.0,2021-05-24,25.73,25.89,25.645,25.75,15601750
350.0,2021-05-25,25.53,26.01,25.51,25.99,24282059
351.0,2021-05-26,25.87,25.96,25.6,25.67,23720329
352.0,2021-05-27,25.67,25.87,25.53,25.85,18584757
353.0,2021-05-28,25.63,25.95,25.6181,25.9,22529807
354.0,2021-06-01,26.38,26.43,25.83,25.84,26118355
355.0,2021-06-02,25.96,26.15,25.89,26.15,14522778
356.0,2021-06-03,25.4421,25.49,25.07,25.46,31455707
357.0,2021-06-04,25.7179,25.83,25.7,25.78,19065431
358.0,2021-06-07,25.8,25.925,25.715,25.9,17188694
359.0,2021-06-08,25.7199,25.8,25.51,25.61,23460093
360.0,2021-06-09,25.83,25.97,25.715,25.78,21620893
361.0,2021-06-10,25.74,26.01,25.66,25.97,24057233
362.0,2021-06-11,26.14,26.21,25.87,25.87,24834401
363.0,2021-06-14,25.59,25.9889,25.56,25.84,22004415
364.0,2021-06-15,25.68,25.705,25.405,25.65,18546689
365.0,2021-06-16,25.72,25.81,25.25,25.26,41137112
366.0,2021-06-17,24.36,24.47,23.89,24.05,74182557
367.0,2021-06-18,24.09,24.22,23.87,23.88,34088249
368.0,2021-06-21,24.08,24.1399,23.95,24.08,20624808
369.0,2021-06-22,23.96,24.0,23.843,23.85,17654513
370.0,2021-06-23,24.05,24.38,23.905,23.93,18041970
371.0,2021-06-24,24.2001,24.27,23.98,24.04,20312411
372.0,2021-06-25,24.3283,24.33,24.08,24.18,12456443
373.0,2021-06-28,24.23,24.3098,24.16,24.21,13712246
374.0,2021-06-29,23.85,23.9699,23.75,23.89,19437924
375.0,2021-06-30,23.9875,24.25,23.95,24.22,19309727
376.0,2021-07-01,24.34,24.3581,24.055,24.11,14288000
377.0,2021-07-02,24.4765,24.63,24.3,24.55,21321981
378.0,2021-07-06,24.65,24.69,24.11,24.23,23825253
379.0,2021-07-07,24.39,24.44,24.08,24.24,24910738
380.0,2021-07-08,24.2435,24.26,23.92,24.01,22355049
381.0,2021-07-09,24.07,24.29,24.05,24.19,11456638
382.0,2021-07-12,24.2,24.34,24.05,24.28,13849859
383.0,2021-07-13,24.15,24.305,24.05,24.08,16394585
384.0,2021-07-14,24.51,24.53,24.15,24.33,26679012
385.0,2021-07-15,24.38,24.44,24.275,24.38,13954917
386.0,2021-07-16,24.16,24.23,23.72,23.77,32456971
387.0,2021-07-19,23.4741,23.51,23.18,23.29,36393428
388.0,2021-07-20,23.24,23.35,23.0,23.14,25553457
389.0,2021-07-21,23.1901,23.46,23.18,23.42,17069035
390.0,2021-07-22,23.32,23.5985,23.1801,23.56,14274962
391.0,2021-07-23,23.35,23.41,23.17,23.35,13999088
392.0,2021-07-26,23.35,23.4499,23.32,23.36,11047681
393.0,2021-07-27,23.3,23.3099,22.69,22.96,27749018
394.0,2021-07-28,22.9,23.18,22.81,23.17,19356595
395.0,2021-07-29,23.64,23.91,23.64,23.72,28655115
396.0,2021-07-30,23.67,23.735,23.49,23.63,13908398
397.0,2021-08-02,23.47,23.67,23.47,23.53,14364349
398.0,2021-08-03,23.66,23.72,23.56,23.68,11872483
399.0,2021-08-04,24.02,24.0699,23.46,23.54,23504548
400.0,2021-08-05,23.55,23.5701,23.24,23.3,14401730
401.0,2021-08-06,22.67,22.69,22.42,22.52,35763893
402.0,2021-08-09,22.09,22.16,21.53,21.75,44597705
403.0,2021-08-10,21.6,21.7582,21.55,21.62,17390778
404.0,2021-08-11,21.77,21.86,21.63,21.84,15281491
405.0,2021-08-12,21.63,21.63,21.32,21.5,17865180
406.0,2021-08-13,21.76,22.09,21.7,21.97,20165287
407.0,2021-08-16,22.0,22.15,21.8901,22.1,13552379
408.0,2021-08-17,22.03,22.15,21.84,21.9,17660427
409.0,2021-08-18,21.88,21.88,21.58,21.76,19311723
410.0,2021-08-19,21.67,21.69,21.43,21.51,16659678
411.0,2021-08-20,21.45,21.54,21.195,21.35,16170046
412.0,2021-08-23,21.85,21.95,21.72,21.88,17623917
413.0,2021-08-24,22.1,22.2,21.975,22.08,17851337
414.0,2021-08-25,22.08,22.13,21.84,22.09,15318934
415.0,2021-08-26,21.9,21.98,21.71,21.85,15730722
416.0,2021-08-27,21.71,22.3467,21.62,22.33,38221983
417.0,2021-08-30,22.35,22.3791,22.15,22.26,12848420
418.0,2021-08-31,22.31,22.38,22.05,22.14,17200012
419.0,2021-09-01,22.36,22.48,22.31,22.37,17441655
420.0,2021-09-02,22.27,22.27,22.035,22.14,16651152
421.0,2021-09-03,22.6,23.04,22.54,22.88,28100975
422.0,2021-09-07,22.67,22.7495,22.38,22.51,22422116
423.0,2021-09-08,22.47,22.49,22.14,22.17,23791200
424.0,2021-09-09,22.44,22.45,22.17,22.27,18791227
425.0,2021-09-10,22.31,22.38,21.99,21.99,17930305
426.0,2021-09-13,21.8,22.1,21.77,21.99,18019650
427.0,2021-09-14,22.04,22.19,21.8738,22.1,19070066
428.0,2021-09-15,22.06,22.145,21.95,22.07,13448158
429.0,2021-09-16,21.335,21.35,20.93,21.25,52910401
430.0,2021-09-17,20.99,21.01,20.68,20.74,44713892
431.0,2021-09-20,20.64,20.845,20.52,20.59,24491877
432.0,2021-09-21,20.87,21.045,20.7239,20.84,23205409
433.0,2021-09-22,21.09,21.435,20.92,20.99,46929110
434.0,2021-09-23,20.94,21.05,20.8799,20.91,22303147
435.0,2021-09-24,20.51,20.825,20.48,20.71,23093565
436.0,2021-09-27,20.97,21.16,20.88,20.94,17405545
437.0,2021-09-28,20.83,20.8802,20.59,20.78,29154756
438.0,2021-09-29,20.15,20.23,19.83,19.95,56579726
439.0,2021-09-30,20.19,20.59,20.1429,20.52,61442881
440.0,2021-10-01,20.81,20.915,20.68,20.83,29866022
441.0,2021-10-04,20.76,21.03,20.7,20.98,25183913
442.0,2021-10-05,20.84,20.98,20.71,20.92,21548888
443.0,2021-10-06,20.75,21.01,20.65,20.96,22553289
444.0,2021-10-07,20.7922,21.1,20.775,20.9,19484284
445.0,2021-10-08,21.39,21.44,20.94,20.95,33300395
446.0,2021-10-11,20.97,21.13,20.88,20.88,15152015
447.0,2021-10-12,20.85,21.09,20.8,20.93,23052092
448.0,2021-10-13,21.09,21.53,21.08,21.33,37984737
449.0,2021-10-14,21.62,21.84,21.49,21.8,28993825
450.0,2021-10-15,21.59,21.7,21.47,21.58,23903998
451.0,2021-10-18,21.57,21.58,21.3,21.49,16090873
452.0,2021-10-19,22.23,22.31,21.85,21.89,39514999
453.0,2021-10-20,22.2,22.61,22.12,22.53,31563861
454.0,2021-10-21,22.37,22.435,22.22,22.35,15172858
455.0,2021-10-22,22.59,22.98,22.393,22.54,39029950
456.0,2021-10-25,22.65,22.79,22.55,22.74,14958270
457.0,2021-10-26,22.38,22.4,22.1,22.37,21431511
458.0,2021-10-27,22.35,22.455,22.17,22.29,19097692
459.0,2021-10-28,22.37,22.45,22.1701,22.27,12812487
460.0,2021-10-29,22.07,22.15,21.89,22.09,19160359
461.0,2021-11-01,22.24,22.31,22.1441,22.23,17311077
462.0,2021-11-02,21.93,21.95,21.64,21.8,24914960
463.0,2021-11-03,21.41,21.84,21.31,21.81,37161014
464.0,2021-11-04,22.1,22.255,21.98,22.0,27818230
465.0,2021-11-05,22.25,22.36,22.03,22.35,22311020
466.0,2021-11-08,22.54,22.69,22.455,22.65,16458762
467.0,2021-11-09,22.52,22.63,22.23,22.53,18973655
468.0,2021-11-10,23.15,23.26,22.69,22.87,46183387
469.0,2021-11-11,23.22,23.38,23.165,23.35,23239904
470.0,2021-11-12,23.18,23.5,23.13,23.42,24315817
471.0,2021-11-15,23.19,23.31,23.05,23.24,20072244
472.0,2021-11-16,23.15,23.29,22.9147,22.96,21687344
473.0,2021-11-17,23.22,23.325,23.09,23.17,15596193
474.0,2021-11-18,23.02,23.11,22.92,22.96,12880582
475.0,2021-11-19,23.0,23.12,22.72,22.75,23754322
476.0,2021-11-22,22.67,22.7701,22.3,22.34,26721812
477.0,2021-11-23,21.71,21.93,21.533,21.92,32565996
478.0,2021-11-24,21.73,21.8306,21.67,21.79,20225352
479.0,2021-11-26,21.79,21.79,21.2,21.37,23137145
480.0,2021-11-29,21.31,21.37,21.05,21.16,22115704
481.0,2021-11-30,21.2,21.57,20.99,21.06,29616216
482.0,2021-12-01,20.98,21.075,20.52,20.57,41882781
483.0,2021-12-02,20.74,20.76,20.55,20.69,25783245
484.0,2021-12-03,20.71,20.87,20.38,20.85,22835051
485.0,2021-12-06,20.54,20.76,20.465,20.71,18193246
486.0,2021-12-07,20.68,20.91,20.67,20.81,18763317
487.0,2021-12-08,20.7,20.8,20.6344,20.76,14075440
488.0,2021-12-09,20.46,20.49,20.27,20.3,23767504
489.0,2021-12-10,20.52,20.5399,20.4046,20.5,17760783
490.0,2021-12-13,20.65,20.74,20.59,20.61,16422345
491.0,2021-12-14,20.13,20.35,20.09,20.31,19912441
492.0,2021-12-15,20.17,20.465,19.8,20.41,44633662
493.0,2021-12-16,20.61,20.84,20.6,20.79,26368169
494.0,2021-12-17,20.85,20.91,20.68,20.68,19977365
495.0,2021-12-20,20.6,20.66,20.52,20.57,12493184
496.0,2021-12-21,20.88,20.93,20.74,20.77,11231469
497.0,2021-12-22,20.98,21.12,20.86,21.1,16909908
498.0,2021-12-23,21.1,21.21,20.95,21.16,12824456
499.0,2021-12-27,21.19,21.38,21.16,21.33,15173053
500.0,2021-12-28,21.41,21.51,21.25,21.27,14845547
501.0,2021-12-29,20.9,21.15,20.885,21.11,11755721
502.0,2021-12-30,21.21,21.3701,21.2,21.34,11646627
503.0,2021-12-31,21.5,21.5861,21.3682,21.51,15618525
504.0,2022-01-03,21.04,21.25,20.965,21.18,18043552
505.0,2022-01-04,21.23,21.3654,21.19,21.32,12946913
506.0,2022-01-05,21.39,21.505,21.0,21.0,22571362
507.0,2022-01-06,20.38,20.63,20.35,20.51,27161103
508.0,2022-01-07,20.52,20.75,20.3734,20.62,23522177
509.0,2022-01-10,20.6,20.825,20.57,20.76,17015103
510.0,2022-01-11,20.84,21.09,20.77,21.05,23681497
511.0,2022-01-12,21.18,21.48,21.17,21.45,23394767
512.0,2022-01-13,21.45,21.48,21.26,21.33,25395103
513.0,2022-01-14,21.24,21.33,21.1,21.2,22448751
514.0,2022-01-18,21.63,21.8505,21.525,21.69,33268461
515.0,2022-01-19,22.01,22.39,21.945,22.37,43721602
516.0,2022-01-20,22.66,22.84,22.56,22.62,44986865
517.0,2022-01-21,22.69,22.71,22.34,22.38,40713826
518.0,2022-01-24,22.02,22.15,21.78,22.11,37842103
519.0,2022-01-25,21.83,22.165,21.81,22.02,30586777
520.0,2022-01-26,21.88,22.12,21.661,21.72,42075688
521.0,2022-01-27,21.07,21.295,20.87,21.02,45559803
522.0,2022-01-28,20.78,20.9,20.4799,20.71,29449401
523.0,2022-01-31,20.75,20.85,20.66,20.8,19718322
524.0,2022-02-01,21.17,21.25,20.815,20.94,34540450
525.0,2022-02-02,20.96,21.095,20.77,20.93,19816495
526.0,2022-02-03,20.7,20.82,20.34,20.71,28800623
527.0,2022-02-04,20.66,20.96,20.66,20.79,24572244
528.0,2022-02-07,21.14,21.36,21.09,21.27,22887972
529.0,2022-02-08,21.27,21.5,21.2294,21.45,16005845
530.0,2022-02-09,21.44,21.59,21.36,21.53,17908348
531.0,2022-02-10,21.53,21.92,21.4101,21.42,36468025
532.0,2022-02-11,21.3,21.9,21.28,21.83,47248835
533.0,2022-02-14,22.05,22.13,21.92,22.05,27999307
534.0,2022-02-15,21.41,21.65,21.32,21.61,27015339
535.0,2022-02-16,21.61,21.88,21.61,21.87,24804877
536.0,2022-02-17,21.89,22.11,21.8446,22.04,33940991
537.0,2022-02-18,22.15,22.24,22.06,22.12,23016912
538.0,2022-02-22,22.39,22.52,22.29,22.31,38336309
539.0,2022-02-23,22.4,22.73,22.39,22.73,35427163
540.0,2022-02-24,23.39,23.4,22.03,22.31,85973317
541.0,2022-02-25,22.18,22.42,22.06,22.4,37032269
542.0,2022-02-28,22.71,22.72,22.3601,22.62,42783666
543.0,2022-03-01,22.84,23.608,22.84,23.54,60537638
544.0,2022-03-02,23.21,23.46,23.04,23.37,56359581
545.0,2022-03-03,23.3,23.34,23.07,23.29,44272361
546.0,2022-03-04,23.39,23.79,23.35,23.64,61610680
547.0,2022-03-07,23.54,23.77,23.43,23.7,51534342
548.0,2022-03-08,24.27,24.9,24.0,24.45,114432100
549.0,2022-03-09,23.95,24.17,23.4793,23.8,58012940
550.0,2022-03-10,24.0,24.09,23.72,24.01,37767605
551.0,2022-03-11,23.75,24.03,23.68,23.87,32083137
552.0,2022-03-14,23.37,23.37,23.03,23.16,31301117
553.0,2022-03-15,22.87,23.1499,22.75,23.0,25150016
554.0,2022-03-16,22.97,23.145,22.6,23.11,32895323
555.0,2022-03-17,23.34,23.6,23.33,23.33,24339603
556.0,2022-03-18,23.13,23.26,22.94,23.02,23821944
557.0,2022-03-21,23.06,23.38,23.05,23.28,26595693
558.0,2022-03-22,22.95,22.98,22.7,22.88,18806956
559.0,2022-03-23,23.12,23.29,22.955,23.24,20826718
560.0,2022-03-24,23.58,23.89,23.545,23.61,32930612
561.0,2022-03-25,23.48,23.57,23.3237,23.48,17909205
562.0,2022-03-28,23.13,23.225,22.9,22.93,21405200
563.0,2022-03-29,22.35,22.94,22.21,22.91,30815060
564.0,2022-03-30,22.98,23.155,22.91,22.94,25616615
565.0,2022-03-31,23.11,23.1899,22.86,22.88,27145254
566.0,2022-04-01,22.59,22.92,22.57,22.74,47311827
567.0,2022-04-04,22.67,22.8161,22.425,22.63,34757059
568.0,2022-04-05,22.9,23.04,22.36,22.36,42303288
569.0,2022-04-06,22.53,22.695,22.3804,22.57,32631204
570.0,2022-04-07,22.44,22.79,22.39,22.7,33647598
571.0,2022-04-08,22.57,22.92,22.56,22.82,30242684
572.0,2022-04-11,23.4,23.41,22.91,23.15,40735793
573.0,2022-04-12,23.4,23.655,23.23,23.47,40646626
574.0,2022-04-13,23.67,23.86,23.59,23.75,32672514
575.0,2022-04-14,23.6,23.68,23.37,23.64,31607180
576.0,2022-04-18,24.04,24.1553,23.82,23.87,45390305
577.0,2022-04-19,23.58,23.625,23.14,23.24,35867321
578.0,2022-04-20,23.1,23.3,23.0821,23.28,23415510
579.0,2022-04-21,22.93,22.94,22.55,22.79,37513509
580.0,2022-04-22,22.36,22.529,22.27,22.31,32779475
581.0,2022-04-25,21.81,21.92,21.65,21.83,38780876
582.0,2022-04-26,21.84,21.94,21.6,21.65,30841236
583.0,2022-04-27,21.76,21.815,21.46,21.49,30704237
584.0,2022-04-28,21.23,21.45,21.19,21.42,28124644
585.0,2022-04-29,21.32,21.44,20.99,21.04,32119249
586.0,2022-05-02,20.63,21.02,20.42,20.87,38907765
587.0,2022-05-03,20.85,21.09,20.77,20.83,29437664
588.0,2022-05-04,20.71,21.3,20.5054,21.28,53387962
589.0,2022-05-05,21.32,21.33,20.6005,20.78,38950567
590.0,2022-05-06,20.71,20.845,20.56,20.66,36791398
591.0,2022-05-09,20.38,20.4,20.01,20.03,40850938
592.0,2022-05-10,20.29,20.33,19.54,19.55,48854544
593.0,2022-05-11,20.08,20.28,19.85,19.87,35527532
594.0,2022-05-12,19.5,19.5305,19.025,19.12,35998022
595.0,2022-05-13,19.06,19.47,19.01,19.42,32770766
596.0,2022-05-16,19.63,20.02,19.622,19.93,36114033
597.0,2022-05-17,20.01,20.1,19.855,19.92,23772643
598.0,2022-05-18,19.93,19.965,19.72,19.73,22132287
599.0,2022-05-19,20.11,20.3,20.1,20.27,24877320
600.0,2022-05-20,20.16,20.21,19.94,20.07,19639309
601.0,2022-05-23,20.21,20.25,20.0,20.1,17547606
602.0,2022-05-24,20.28,20.5,20.24,20.39,22182504
603.0,2022-05-25,20.21,20.36,20.125,20.34,18273507
604.0,2022-05-26,20.14,20.38,20.1299,20.31,14580974
605.0,2022-05-27,20.62,20.65,20.325,20.36,22191555
606.0,2022-05-31,20.16,20.28,19.84,19.84,29472959
607.0,2022-06-01,20.19,20.28,19.985,20.13,25934453
608.0,2022-06-02,20.35,20.5999,20.35,20.59,21958266
609.0,2022-06-03,20.53,20.5827,20.15,20.23,21578979
610.0,2022-06-06,20.61,20.64,20.32,20.37,18624307
611.0,2022-06-07,20.27,20.57,20.23,20.52,17528873
612.0,2022-06-08,20.36,20.5,20.28,20.35,15871279
613.0,2022-06-09,20.28,20.3,19.88,19.97,22778282
614.0,2022-06-10,19.79,20.3,19.6556,20.19,32953652
615.0,2022-06-13,19.69,19.71,19.34,19.5,44676128
616.0,2022-06-14,19.56,19.59,19.28,19.37,23906645
617.0,2022-06-15,19.9,20.16,19.67,19.96,42638702
618.0,2022-06-16,19.93,20.2699,19.815,20.24,27706404
619.0,2022-06-17,20.1,20.14,19.9,19.98,20090007
620.0,2022-06-21,20.09,20.245,19.96,19.98,19273850
621.0,2022-06-22,19.82,19.925,19.695,19.76,21420717
622.0,2022-06-23,19.74,19.84,19.2929,19.37,29995373
623.0,2022-06-24,19.27,19.58,19.15,19.51,16678467
624.0,2022-06-27,19.69,19.7,19.4746,19.49,15466970
625.0,2022-06-28,19.52,19.53,19.184,19.19,18331250
626.0,2022-06-29,19.26,19.29,19.03,19.14,15636337
627.0,2022-06-30,18.99,19.08,18.64,18.64,33205734
628.0,2022-07-01,18.1,18.3799,17.99,18.31,42504312
629.0,2022-07-05,18.03,18.085,17.59,17.73,35121205
630.0,2022-07-06,17.8,17.85,17.48,17.69,27849937
631.0,2022-07-07,17.81,17.9799,17.695,17.75,17741800
632.0,2022-07-08,17.8,17.94,17.63,17.79,14195759
633.0,2022-07-11,17.71,17.83,17.58,17.58,20437899
634.0,2022-07-12,17.5,17.65,17.41,17.44,17349349
635.0,2022-07-13,17.5,17.9,17.4227,17.69,27336964
636.0,2022-07-14,16.91,17.0589,16.73,17.0,33595951
637.0,2022-07-15,17.15,17.255,16.9899,17.19,20381349
638.0,2022-07-18,17.44,17.54,17.19,17.22,20458793
639.0,2022-07-19,17.3,17.39,17.27,17.29,24751084
640.0,2022-07-20,17.58,17.62,17.19,17.19,18738606
641.0,2022-07-21,17.07,17.4,17.06,17.4,20773877
642.0,2022-07-22,17.28,17.48,17.07,17.14,24517586
643.0,2022-07-25,17.06,17.08,16.88,16.98,25644376
644.0,2022-07-26,17.16,17.2603,17.115,17.16,28040106
645.0,2022-07-27,17.17,17.65,17.01,17.6,37684644
646.0,2022-07-28,18.16,18.44,18.06,18.43,31578219
647.0,2022-07-29,18.43,18.73,18.34,18.7,17388896
648.0,2022-08-01,18.72,18.845,18.65,18.79,25230059
649.0,2022-08-02,18.73,18.8299,18.4,18.41,27922076
650.0,2022-08-03,18.45,18.54,18.3,18.49,15163902
651.0,2022-08-04,18.47,18.69,18.4003,18.64,14091132
652.0,2022-08-05,18.16,18.44,18.11,18.33,15896216
653.0,2022-08-08,18.77,19.115,18.7429,19.03,20744628
654.0,2022-08-09,19.02,19.07,18.825,18.93,20591624
655.0,2022-08-10,19.0,19.22,18.91,18.95,27189071
656.0,2022-08-11,18.87,18.985,18.66,18.67,16253829
657.0,2022-08-12,18.82,19.21,18.81,19.17,16767394
658.0,2022-08-15,18.67,18.8,18.55,18.68,19897295
659.0,2022-08-16,18.5,18.64,18.49,18.57,20876779
660.0,2022-08-17,18.36,18.42,18.15,18.25,23675400
661.0,2022-08-18,18.29,18.35,17.96,18.04,20007512
662.0,2022-08-19,17.76,17.78,17.53,17.55,19196702
663.0,2022-08-22,17.47,17.6,17.32,17.5,21747536
664.0,2022-08-23,17.4,17.77,17.4,17.62,20127030
665.0,2022-08-24,17.51,17.73,17.47,17.63,16954837
666.0,2022-08-25,17.72,17.775,17.605,17.73,16618727
667.0,2022-08-26,17.82,17.91,17.35,17.36,19412699
668.0,2022-08-29,17.24,17.43,17.215,17.29,18893471
669.0,2022-08-30,17.22,17.23,16.915,16.96,21271874
670.0,2022-08-31,16.7,16.82,16.58,16.58,18799766
671.0,2022-09-01,16.39,16.4751,16.19,16.38,18413769
672.0,2022-09-02,16.63,16.8599,16.48,16.57,15875155
673.0,2022-09-06,16.82,16.86,16.53,16.54,10812352
674.0,2022-09-07,16.64,17.02,16.61,17.0,15468388
675.0,2022-09-08,17.06,17.13,16.88,17.03,13095367
676.0,2022-09-09,17.13,17.39,17.1138,17.32,9813460
677.0,2022-09-12,18.17,18.435,17.985,18.17,30176833
678.0,2022-09-13,18.04,18.2,17.82,17.83,20777180
679.0,2022-09-14,18.06,18.15,17.92,18.0,16309272
680.0,2022-09-15,17.86,18.05,17.61,17.63,17477281
681.0,2022-09-16,17.57,18.08,17.45,17.99,21175777
682.0,2022-09-19,17.72,18.0,17.705,17.99,16756471
683.0,2022-09-20,17.66,17.78,17.56,17.73,10478768
684.0,2022-09-21,18.02,18.36,17.82,18.06,36671629
685.0,2022-09-22,18.13,18.185,17.9,18.09,12553435
686.0,2022-09-23,17.64,17.65,17.3,17.36,23917089
687.0,2022-09-26,17.37,17.54,16.8901,16.92,19179189
688.0,2022-09-27,17.16,17.3,16.8739,16.9,18080154
689.0,2022-09-28,16.99,17.49,16.985,17.45,22513401
690.0,2022-09-29,17.28,17.38,17.03,17.37,16727332
691.0,2022-09-30,17.41,17.775,17.4,17.5,14446116
692.0,2022-10-03,18.47,19.1,18.4001,19.1,40558203
693.0,2022-10-04,19.3,19.56,19.2099,19.36,22227782
694.0,2022-10-05,18.69,19.11,18.3684,18.99,23878403
695.0,2022-10-06,18.86,19.06,18.75,19.04,11261230
696.0,2022-10-07,18.79,18.876,18.42,18.5,24621138
697.0,2022-10-10,18.21,18.235,17.98,18.09,17979141
698.0,2022-10-11,17.89,18.08,17.5606,17.68,23821924
699.0,2022-10-12,17.53,17.68,17.37,17.59,21216870
700.0,2022-10-13,17.14,17.5155,17.04,17.39,26705323
701.0,2022-10-14,17.18,17.195,16.662,16.81,24636146
702.0,2022-10-17,17.33,17.4499,17.11,17.12,17937392
703.0,2022-10-18,17.36,17.4095,17.075,17.23,11236316
704.0,2022-10-19,16.99,17.0755,16.91,17.01,9941278
705.0,2022-10-20,17.06,17.5,17.03,17.17,17615560
706.0,2022-10-21,17.21,17.78,17.13,17.76,28680281
707.0,2022-10-24,17.66,17.7699,17.51,17.68,12953843
708.0,2022-10-25,17.71,17.9,17.7,17.86,13857096
709.0,2022-10-26,17.9,18.1199,17.9,17.98,17092677
710.0,2022-10-27,18.02,18.1,17.89,17.98,14108112
711.0,2022-10-28,17.7,17.85,17.49,17.74,10708889
712.0,2022-10-31,17.46,17.72,17.4095,17.62,10005033
713.0,2022-11-01,18.321,18.37,17.94,18.05,20107589
714.0,2022-11-02,18.24,18.49,17.73,17.73,24802266
715.0,2022-11-03,17.46,18.0,17.44,17.94,19125333
716.0,2022-11-04,18.741,19.26,18.665,19.26,34818863
717.0,2022-11-07,19.22,19.34,19.13,19.15,12869734
718.0,2022-11-08,19.26,19.91,19.21,19.7,31329627
719.0,2022-11-09,19.66,19.895,19.33,19.36,17422803
720.0,2022-11-10,19.975,20.07,19.76,19.97,21968313
721.0,2022-11-11,19.76,19.95,19.66,19.95,12472167
722.0,2022-11-14,19.95,20.33,19.93,20.24,14503024
723.0,2022-11-15,20.08,20.115,19.695,19.88,23955428
724.0,2022-11-16,19.95,20.0,19.7,19.74,10180612
725.0,2022-11-17,19.25,19.3299,19.125,19.29,12895415
726.0,2022-11-18,19.31,19.46,19.1811,19.25,15315791
727.0,2022-11-21,19.211,19.245,19.02,19.2,10468112
728.0,2022-11-22,19.425,19.52,19.2501,19.43,10140068
729.0,2022-11-23,19.53,19.88,19.5,19.81,12773554
730.0,2022-11-25,19.59,19.755,19.5617,19.72,7784754
731.0,2022-11-28,19.66,19.69,19.2,19.26,20288015
732.0,2022-11-29,19.5,19.75,19.5,19.56,11253026
733.0,2022-11-30,20.121,20.43,19.805,20.43,26502128
734.0,2022-12-01,20.63,20.98,20.59,20.98,24949608
735.0,2022-12-02,20.73,21.39,20.67,21.29,23150113
736.0,2022-12-05,20.91,20.95,20.4,20.44,24402747
737.0,2022-12-06,20.62,20.75,20.27,20.44,16489572
738.0,2022-12-07,20.67,21.01,20.655,20.92,22573402
739.0,2022-12-08,21.32,21.37,21.14,21.21,17948269
740.0,2022-12-09,21.451,21.8,21.2635,21.56,18975701
741.0,2022-12-12,21.58,21.62,21.26,21.46,20222250
742.0,2022-12-13,22.09,22.2,21.685,21.83,24657059
743.0,2022-12-14,21.93,22.135,21.52,21.99,24341146
744.0,2022-12-15,21.45,21.57,21.15,21.24,19921896
745.0,2022-12-16,21.16,21.4,21.13,21.37,15975989
746.0,2022-12-19,21.35,21.38,21.01,21.12,12704576
747.0,2022-12-20,21.95,22.32,21.86,22.23,28496732
748.0,2022-12-21,22.09,22.2699,22.01,22.07,11636955
749.0,2022-12-22,21.65,21.79,21.52,21.69,15133479
750.0,2022-12-23,21.78,21.945,21.685,21.85,10922259
751.0,2022-12-27,21.96,22.35,21.92,22.11,12346856
752.0,2022-12-28,21.931,21.97,21.595,21.6,10915055
753.0,2022-12-29,22.06,22.14,21.95,21.97,11896354
754.0,2022-12-30,21.92,22.03,21.64,22.02,14250956
755.0,2023-01-03,22.45,22.54,22.03,22.05,18122090
756.0,2023-01-04,22.28,22.36,21.7003,21.89,17246411
757.0,2023-01-05,21.499,21.53,21.27,21.39,16539890
758.0,2023-01-06,21.71,22.0,21.605,21.92,17021392
759.0,2023-01-09,22.001,22.14,21.69,21.74,15588178
760.0,2023-01-10,21.74,21.87,21.6401,21.73,10051193
761.0,2023-01-11,21.855,21.88,21.3607,21.55,13848048
762.0,2023-01-12,22.0,22.0666,21.69,21.88,18514109
763.0,2023-01-13,21.88,22.35,21.86,22.33,18425397
764.0,2023-01-17,22.2,22.2082,21.92,22.01,23059394
765.0,2023-01-18,22.3,22.4,21.55,21.57,24553469
766.0,2023-01-19,21.65,22.03,21.571,21.96,15361241
767.0,2023-01-20,22.01,22.07,21.8116,22.02,14299661
768.0,2023-01-23,21.18,21.62,20.93,21.58,30123252
769.0,2023-01-24,21.5,21.83,21.35,21.76,15461639
770.0,2023-01-25,21.63,22.02,21.58,21.97,12824938
771.0,2023-01-26,22.19,22.22,21.81,21.99,18177799
772.0,2023-01-27,21.71,21.7899,21.434,21.68,15244128
773.0,2023-01-30,21.799,21.8199,21.645,21.66,8337122
774.0,2023-01-31,21.58,21.86,21.54,21.83,10471370
775.0,2023-02-01,21.8,22.11,21.49,22.08,23818159
776.0,2023-02-02,22.5,22.52,21.54,21.57,22808390
777.0,2023-02-03,20.861,21.055,20.5,20.57,36695749
778.0,2023-02-06,20.55,20.65,20.37,20.48,15824842
779.0,2023-02-07,20.41,20.636,20.275,20.38,16209477
780.0,2023-02-08,20.59,20.6413,20.42,20.48,10688526
781.0,2023-02-09,20.661,20.68,20.15,20.18,19233501
782.0,2023-02-10,20.41,20.45,20.1524,20.24,11028749
783.0,2023-02-13,20.15,20.25,20.04,20.2,12376276
784.0,2023-02-14,19.95,20.22,19.87,20.12,14586467
785.0,2023-02-15,19.78,19.95,19.77,19.89,13301900
786.0,2023-02-16,19.74,20.02,19.7144,19.84,16692904
787.0,2023-02-17,19.589,20.06,19.55,20.01,15129057
788.0,2023-02-21,20.13,20.2099,20.0,20.07,11158669
789.0,2023-02-22,20.03,20.0501,19.71,19.75,15142703
790.0,2023-02-23,19.84,19.8903,19.55,19.63,13610706
791.0,2023-02-24,19.275,19.36,19.06,19.09,24859805
792.0,2023-02-27,19.09,19.14,18.89,18.93,26063831
793.0,2023-02-28,18.98,19.31,18.9,19.22,14396068
794.0,2023-03-01,19.28,19.47,19.22,19.29,14873121
795.0,2023-03-02,19.05,19.2499,19.02,19.24,8938569
796.0,2023-03-03,19.3,19.56,19.15,19.55,12419173
797.0,2023-03-06,19.46,19.485,19.28,19.32,7902884
798.0,2023-03-07,18.98,18.99,18.41,18.45,26097528
799.0,2023-03-08,18.43,18.595,18.39,18.4,13896590
800.0,2023-03-09,18.49,18.66,18.38,18.44,11895499
801.0,2023-03-10,18.89,19.11,18.75,18.86,21470122
802.0,2023-03-13,19.71,20.16,19.675,20.0,37152342
803.0,2023-03-14,20.05,20.21,19.87,19.89,29462941
804.0,2023-03-15,20.39,20.4353,19.87,20.0,50880528
805.0,2023-03-16,20.15,20.18,19.72,19.92,27767622
806.0,2023-03-17,20.18,20.775,20.15,20.63,29318252
807.0,2023-03-20,20.58,20.75,20.45,20.69,14306285
808.0,2023-03-21,20.69,20.695,20.365,20.54,15197974
809.0,2023-03-22,20.52,21.21,20.505,21.1,25323499
810.0,2023-03-23,21.11,21.35,21.02,21.28,19286828
811.0,2023-03-24,21.52,21.5793,21.2049,21.22,15759618
812.0,2023-03-27,21.08,21.235,21.0,21.22,11703644
813.0,2023-03-28,21.14,21.4899,21.1212,21.43,11221265
814.0,2023-03-29,21.32,21.53,21.3,21.44,11804316
815.0,2023-03-30,21.68,21.96,21.56,21.94,14724448
816.0,2023-03-31,22.03,22.2,21.99,22.12,18212357
817.0,2023-04-03,21.96,22.2399,21.9249,22.06,18134853
818.0,2023-04-04,22.13,23.0,22.095,22.97,35724667
819.0,2023-04-05,22.82,22.98,22.64,22.94,20676792
820.0,2023-04-06,22.79,22.975,22.58,22.89,13297370
821.0,2023-04-10,22.82,22.89,22.72,22.88,12751576
822.0,2023-04-11,22.9,23.1,22.85,23.04,14526526
823.0,2023-04-12,23.37,23.47,23.05,23.43,21592383
824.0,2023-04-13,23.69,23.86,23.56,23.74,30298748
825.0,2023-04-14,23.84,23.89,23.1,23.31,34948622
826.0,2023-04-17,23.29,23.33,22.79,23.02,24471569
827.0,2023-04-18,22.93,23.27,22.9,23.15,14353774
828.0,2023-04-19,23.08,23.32,23.06,23.23,18571328
829.0,2023-04-20,23.23,23.42,23.05,23.17,15332341
830.0,2023-04-21,23.18,23.32,22.88,22.98,17623894
831.0,2023-04-24,22.93,23.18,22.84,23.08,13576616
832.0,2023-04-25,22.93,23.03,22.63,22.99,22711407
833.0,2023-04-26,23.12,23.12,22.71,22.83,20916813
834.0,2023-04-27,22.59,22.93,22.515,22.89,16054222
835.0,2023-04-28,22.88,23.03,22.745,23.0,14213297
836.0,2023-05-01,23.691,23.71,22.86,22.89,30354753
837.0,2023-05-02,22.67,23.41,22.64,23.35,27235289
838.0,2023-05-03,23.29,23.5289,23.16,23.43,20545290
839.0,2023-05-04,23.42,23.94,23.42,23.94,31012646
840.0,2023-05-05,23.38,23.59,23.12,23.57,26200183
841.0,2023-05-08,23.5,23.5962,23.43,23.49,11445888
842.0,2023-05-09,23.4,23.5825,23.37,23.48,11470316
843.0,2023-05-10,23.6,23.6552,23.165,23.31,18265581
844.0,2023-05-11,22.629,22.72,22.17,22.2,29635334
845.0,2023-05-12,22.06,22.19,21.91,22.02,18629946
846.0,2023-05-15,22.14,22.24,22.02,22.1,11308558
847.0,2023-05-16,22.0,22.11,21.7,21.81,17274118
848.0,2023-05-17,21.92,21.92,21.615,21.82,14587555
849.0,2023-05-18,21.61,21.63,21.42,21.56,17283538
850.0,2023-05-19,21.7,22.0589,21.58,21.86,20547924
851.0,2023-05-22,21.86,21.945,21.67,21.67,12665502
852.0,2023-05-23,21.56,21.71,21.47,21.51,15236304
853.0,2023-05-24,21.41,21.4399,21.14,21.16,19508543
854.0,2023-05-25,21.18,21.19,20.84,20.86,14846603
855.0,2023-05-26,21.26,21.43,21.135,21.38,13685072
856.0,2023-05-30,21.2506,21.3694,21.125,21.3,9121112
857.0,2023-05-31,21.4,21.685,21.19,21.61,18058468
858.0,2023-06-01,21.59,21.97,21.58,21.95,17940635
859.0,2023-06-02,21.97,22.0,21.65,21.69,13006971
860.0,2023-06-05,21.52,21.75,21.46,21.64,9562068
861.0,2023-06-06,21.63,21.705,21.43,21.65,9406931
862.0,2023-06-07,21.7,22.09,21.5,21.51,16744536
863.0,2023-06-08,22.01,22.36,22.01,22.3,20402793
864.0,2023-06-09,22.26,22.516,22.21,22.27,10976127
865.0,2023-06-12,22.06,22.12,21.92,22.08,12288407
866.0,2023-06-13,22.11,22.21,21.66,21.74,14921898
867.0,2023-06-14,21.96,22.11,21.8901,21.97,11298604
868.0,2023-06-15,21.67,21.945,21.665,21.94,11361033
869.0,2023-06-16,22.08,22.22,21.92,22.18,10974119
870.0,2023-06-20,21.4101,21.445,21.165,21.26,24042197
871.0,2023-06-21,20.95,20.9709,20.65,20.84,19677999
872.0,2023-06-22,20.63,20.71,20.46,20.53,17066522
873.0,2023-06-23,20.65,20.83,20.46,20.58,13003764
874.0,2023-06-26,20.85,21.0,20.735,20.9,12880100
875.0,2023-06-27,21.17,21.2,20.885,20.98,14341689
876.0,2023-06-28,20.86,20.99,20.71,20.84,8188353
877.0,2023-06-29,20.56,20.82,20.45,20.72,13780879
878.0,2023-06-30,20.65,20.9699,20.57,20.89,10504635
879.0,2023-07-03,21.05,21.18,21.0,21.01,9134951
880.0,2023-07-05,21.32,21.35,21.1,21.21,13306200
881.0,2023-07-06,21.02,21.03,20.6714,20.83,12544356
882.0,2023-07-07,20.92,21.24,20.92,21.18,10657886
883.0,2023-07-10,21.05,21.25,21.05,21.24,8670769
884.0,2023-07-11,21.25,21.3,21.1248,21.2,6771672
885.0,2023-07-12,21.91,22.16,21.8801,22.15,24114723
886.0,2023-07-13,22.49,22.78,22.4146,22.78,22406742
887.0,2023-07-14,22.79,22.96,22.71,22.86,16802407
888.0,2023-07-17,22.69,22.82,22.57,22.79,9101942
889.0,2023-07-18,22.81,23.1,22.73,22.99,14769806
890.0,2023-07-19,23.0,23.155,22.92,23.1,12889285
891.0,2023-07-20,23.1,23.1299,22.67,22.68,16215147
892.0,2023-07-21,22.68,22.7109,22.56,22.57,11278976
893.0,2023-07-24,22.4,22.46,22.2648,22.33,15105389
894.0,2023-07-25,22.57,22.69,22.46,22.62,10753401
895.0,2023-07-26,22.58,22.9699,22.5,22.91,24549841
896.0,2023-07-27,22.5,22.52,22.06,22.11,27325215
897.0,2023-07-28,22.26,22.39,22.19,22.32,10629058
898.0,2023-07-31,22.48,22.79,22.48,22.69,14038869
899.0,2023-08-01,22.31,22.44,22.135,22.29,11600184
900.0,2023-08-02,22.19,22.22,21.695,21.75,16400826
901.0,2023-08-03,21.65,21.75,21.5847,21.63,16334791
902.0,2023-08-04,21.68,21.83,21.59,21.66,12397423
903.0,2023-08-07,21.59,21.6,21.16,21.21,11803123
904.0,2023-08-08,20.87,20.99,20.7999,20.9,16557897
905.0,2023-08-09,20.85,21.0,20.75,20.8,11966191
906.0,2023-08-10,20.88,21.1,20.77,20.83,13574860
907.0,2023-08-11,20.82,20.96,20.7601,20.8,8428788
908.0,2023-08-14,20.7,20.805,20.52,20.72,10036241
909.0,2023-08-15,20.63,20.83,20.52,20.67,11894809
910.0,2023-08-16,20.74,20.84,20.55,20.56,13151834
911.0,2023-08-17,21.06,21.08,20.71,20.8,16299583
912.0,2023-08-18,20.84,20.935,20.78,20.87,10430280
913.0,2023-08-21,21.31,21.38,21.01,21.36,12346301
914.0,2023-08-22,21.37,21.49,21.28,21.46,12970744
915.0,2023-08-23,22.05,22.3375,22.03,22.29,25176870
916.0,2023-08-24,22.2,22.31,22.055,22.11,13804071
917.0,2023-08-25,22.11,22.355,21.93,22.22,22742139
918.0,2023-08-28,22.08,22.335,22.04,22.22,7536640
919.0,2023-08-29,22.24,22.74,22.1934,22.71,19726872
920.0,2023-08-30,22.85,22.94,22.55,22.57,13091162
921.0,2023-08-31,22.53,22.62,22.3448,22.39,10536608
922.0,2023-09-01,22.61,22.7009,22.15,22.17,12818469
923.0,2023-09-05,21.82,21.8899,21.56,21.59,15054099
924.0,2023-09-06,21.16,21.4101,21.1,21.24,14534141
925.0,2023-09-07,21.08,21.17,21.01,21.05,10926885
926.0,2023-09-08,21.06,21.2399,20.9603,21.01,11665951
927.0,2023-09-11,21.24,21.2699,21.04,21.16,8858929
928.0,2023-09-12,21.0,21.22,20.97,21.13,8738452
929.0,2023-09-13,21.01,21.11,20.91,20.93,11886059
930.0,2023-09-14,20.6,20.86,20.45,20.73,26204949
931.0,2023-09-15,21.19,21.35,21.1,21.11,22811317
932.0,2023-09-18,21.22,21.32,21.05,21.3,11481340
933.0,2023-09-19,21.37,21.4,21.1701,21.27,10111168
934.0,2023-09-20,21.32,21.63,21.3003,21.34,17354044
935.0,2023-09-21,21.04,21.52,21.0,21.44,12395273
936.0,2023-09-22,21.65,21.75,21.56,21.58,11352615
937.0,2023-09-25,21.48,21.5593,21.125,21.2,14549077
938.0,2023-09-26,21.0,21.16,20.94,20.96,18268192
939.0,2023-09-27,20.71,20.8,20.54,20.7,15636838
940.0,2023-09-28,20.64,20.84,20.5301,20.74,14007736
941.0,2023-09-29,21.39,21.4299,20.275,20.34,36658571
942.0,2023-10-02,19.69,19.74,19.4,19.42,41002748
943.0,2023-10-03,19.26,19.62,19.21,19.44,32235846
944.0,2023-10-04,19.41,19.42,18.97,19.31,25140974
945.0,2023-10-05,19.32,19.4,18.98,19.25,16430492
946.0,2023-10-06,19.66,19.8198,19.26,19.73,28298501
947.0,2023-10-09,19.84,20.08,19.8,20.06,13077405
948.0,2023-10-10,19.97,20.0799,19.88,19.98,12114975
949.0,2023-10-11,20.19,20.27,20.07,20.18,20080534
950.0,2023-10-12,20.24,20.32,19.935,19.96,16915486
951.0,2023-10-13,20.49,20.91,20.47,20.78,28959583
952.0,2023-10-16,20.72,20.83,20.66,20.68,11982496
953.0,2023-10-17,20.79,21.085,20.725,20.92,16481960
954.0,2023-10-18,21.21,21.33,20.78,20.95,20065650
955.0,2023-10-19,20.94,21.1567,20.745,21.11,20356655
956.0,2023-10-20,21.16,21.72,21.16,21.4,35245739
957.0,2023-10-23,21.2,21.2671,21.0,21.05,14074094
958.0,2023-10-24,20.92,21.09,20.86,21.02,11491706
959.0,2023-10-25,20.91,21.08,20.665,20.94,17639764
960.0,2023-10-26,20.91,20.97,20.565,20.85,14326610
961.0,2023-10-27,20.92,21.185,20.76,21.18,18629987
962.0,2023-10-30,21.59,21.61,21.23,21.34,15304599
963.0,2023-10-31,21.14,21.36,20.835,20.98,17624921
964.0,2023-11-01,20.82,21.09,20.66,20.97,25224384
965.0,2023-11-02,21.07,21.0971,20.7663,20.87,12232463
966.0,2023-11-03,21.03,21.35,20.99,21.22,21259916
967.0,2023-11-06,21.22,21.23,21.07,21.08,10278185
968.0,2023-11-07,20.73,20.76,20.5748,20.73,16082208
969.0,2023-11-08,20.81,20.935,20.615,20.65,14361175
970.0,2023-11-09,20.75,21.07,20.65,20.69,18731987
971.0,2023-11-10,20.55,20.6,20.34,20.34,14059609
972.0,2023-11-13,20.18,20.49,20.1,20.43,11091089
973.0,2023-11-14,20.92,21.24,20.8732,21.17,21723861
974.0,2023-11-15,21.36,21.52,21.24,21.45,18585615
975.0,2023-11-16,21.88,22.06,21.73,21.76,20259162
976.0,2023-11-17,21.79,21.855,21.6796,21.75,12296966
977.0,2023-11-20,21.42,21.605,21.3837,21.48,9696838
978.0,2023-11-21,21.88,22.0,21.735,21.77,15212958
979.0,2023-11-22,21.7,21.815,21.57,21.67,11151876
980.0,2023-11-24,22.02,22.29,22.0,22.27,10803300
981.0,2023-11-27,22.67,22.705,22.5,22.56,19785608
982.0,2023-11-28,22.68,22.92,22.5909,22.92,17064430
983.0,2023-11-29,22.96,23.13,22.82,22.88,16675165
984.0,2023-11-30,22.97,23.145,22.85,23.13,14364257
985.0,2023-12-01,23.09,23.3712,23.05,23.33,22107812
986.0,2023-12-04,22.75,22.92,22.3601,22.46,30668293
987.0,2023-12-05,22.281,22.375,21.95,22.12,27205056
988.0,2023-12-06,22.17,22.2,21.869,21.93,13374501
989.0,2023-12-07,21.89,21.91,21.6,21.79,16758464
990.0,2023-12-08,21.35,21.56,21.015,21.1,28746451
991.0,2023-12-11,20.965,21.0,20.81,20.91,22883655
992.0,2023-12-12,20.965,20.975,20.78,20.84,12118699
993.0,2023-12-13,20.75,21.78,20.6123,21.77,35068023
994.0,2023-12-14,21.99,22.18,21.99,22.15,21384058
995.0,2023-12-15,21.98,22.025,21.75,21.83,13077984
996.0,2023-12-18,21.88,21.88,21.66,21.8,12927446
997.0,2023-12-19,21.91,22.13,21.89,22.03,12752745
998.0,2023-12-20,22.26,22.31,22.04,22.04,12523604
999.0,2023-12-21,22.28,22.42,22.195,22.31,17063588
1000.0,2023-12-22,22.41,22.5252,22.05,22.12,17235831
1001.0,2023-12-26,22.21,22.22,22.04,22.2,11861737
1002.0,2023-12-27,22.1,22.395,22.09,22.23,13898442
1003.0,2023-12-28,22.17,22.25,21.96,21.99,11257823
1004.0,2023-12-29,21.62,21.95,21.56,21.78,13161231
1005.0,2024-01-02,21.89,21.99,21.64,21.65,13277809
1006.0,2024-01-03,21.08,21.22,20.91,21.06,26373830
1007.0,2024-01-04,20.92,21.1,20.77,21.08,11971961
1008.0,2024-01-05,21.15,21.53,21.0344,21.21,21401777
1009.0,2024-01-08,21.07,21.245,21.0,21.13,9527905
1010.0,2024-01-09,21.22,21.25,20.96,21.0,10772341
1011.0,2024-01-10,20.93,21.0175,20.85,20.94,12093724
1012.0,2024-01-11,20.97,21.0722,20.57,20.82,21816130
1013.0,2024-01-12,21.39,21.54,21.11,21.19,18914513
1014.0,2024-01-16,21.14,21.1698,20.92,20.96,16953012
1015.0,2024-01-17,20.779,20.7954,20.61,20.65,18249133
1016.0,2024-01-18,20.56,20.84,20.535,20.81,10585882
1017.0,2024-01-19,20.77,20.77,20.56,20.67,12574469
1018.0,2024-01-22,20.12,20.41,20.07,20.22,18292228
1019.0,2024-01-23,20.44,20.56,20.4,20.53,13096660
1020.0,2024-01-24,20.98,21.0,20.7,20.71,24238798
1021.0,2024-01-25,20.95,21.07,20.79,20.94,15755435
1022.0,2024-01-26,20.81,20.9212,20.7701,20.86,7980560
1023.0,2024-01-29,21.03,21.25,20.835,21.21,14309384
1024.0,2024-01-30,21.29,21.33,20.9901,21.19,10734398
1025.0,2024-01-31,21.2,21.35,20.84,20.91,19870401
1026.0,2024-02-01,20.94,21.28,20.88,21.21,28714417
1027.0,2024-02-02,20.61,20.79,20.5,20.75,24324384
1028.0,2024-02-05,20.44,20.55,20.38,20.47,16531733
1029.0,2024-02-06,20.43,20.58,20.3926,20.51,9007543
1030.0,2024-02-07,20.43,20.54,20.32,20.33,12084059
1031.0,2024-02-08,20.44,20.71,20.3801,20.65,16547610
1032.0,2024-02-09,20.56,20.72,20.46,20.68,10620945
1033.0,2024-02-12,20.63,20.84,20.6,20.76,11006451
1034.0,2024-02-13,20.43,20.44,20.11,20.2,22824200
1035.0,2024-02-14,20.23,20.55,20.21,20.44,13085086
1036.0,2024-02-15,20.84,21.0799,20.83,20.94,26720400
1037.0,2024-02-16,21.07,21.5,20.91,21.39,20251776
1038.0,2024-02-20,21.17,21.19,21.03,21.07,9047232
1039.0,2024-02-21,21.09,21.095,20.815,20.96,9415462
1040.0,2024-02-22,20.92,20.97,20.8,20.82,16728579
1041.0,2024-02-23,20.8,21.04,20.69,20.99,15186492
1042.0,2024-02-26,20.61,20.6899,20.54,20.62,14409313
1043.0,2024-02-27,20.72,20.74,20.51,20.57,10175095
1044.0,2024-02-28,20.51,20.555,20.45,20.55,8303843
1045.0,2024-02-29,20.75,20.79,20.615,20.73,10459566
1046.0,2024-03-01,20.8,21.28,20.64,21.17,23570225
1047.0,2024-03-04,21.43,21.9,21.39,21.86,26016589
1048.0,2024-03-05,21.96,22.06,21.64,21.67,22277042
1049.0,2024-03-06,21.86,22.2299,21.86,22.1,31037661
1050.0,2024-03-07,22.14,22.41,22.12,22.24,18890510
1051.0,2024-03-08,22.23,22.45,22.12,22.23,27245877
1052.0,2024-03-11,22.33,22.435,22.235,22.35,15364530
1053.0,2024-03-12,22.21,22.22,21.9651,22.09,16339626
1054.0,2024-03-13,22.31,22.8775,22.26,22.79,27121541
1055.0,2024-03-14,22.91,22.94,22.62,22.73,14705285
1056.0,2024-03-15,23.05,23.275,22.9701,23.03,28077931
1057.0,2024-03-18,23.13,23.13,22.85,22.91,11920429
1058.0,2024-03-19,22.79,22.84,22.615,22.79,13406933
1059.0,2024-03-20,22.71,23.45,22.7,23.29,31945051
1060.0,2024-03-21,23.14,23.16,22.53,22.65,31163646
1061.0,2024-03-22,22.65,22.82,22.52,22.56,17183595
1062.0,2024-03-25,22.6,22.73,22.55,22.58,10066735
1063.0,2024-03-26,22.61,22.615,22.29,22.34,18183618
1064.0,2024-03-27,22.34,22.555,22.34,22.51,12551830
1065.0,2024-03-28,22.48,22.8,22.415,22.75,29105430
1066.0,2024-04-01,23.187,23.2,22.63,22.86,22490725
1067.0,2024-04-02,23.33,23.8951,23.24,23.84,58416685
1068.0,2024-04-03,24.27,24.76,24.17,24.73,61360131
1069.0,2024-04-04,24.571,24.95,24.385,24.49,54231424
1070.0,2024-04-05,24.49,25.14,24.392,25.03,43238224
1071.0,2024-04-08,25.36,25.4899,24.9,25.4,40708910
1072.0,2024-04-09,25.75,25.9,25.255,25.72,41006134
1073.0,2024-04-10,25.33,26.08,25.17,25.45,50614096
1074.0,2024-04-11,25.69,26.04,25.38,26.01,28595209
1075.0,2024-04-12,26.8,27.24,25.52,25.63,117678285
1076.0,2024-04-15,26.21,26.42,25.69,26.41,51965111
1077.0,2024-04-16,26.07,26.07,25.55,25.8,56256224
1078.0,2024-04-17,26.13,26.3376,25.71,25.85,46667338
1079.0,2024-04-18,26.11,26.16,25.74,25.86,26818157
1080.0,2024-04-19,25.93,26.3203,25.9044,26.2,29321211
1081.0,2024-04-22,24.95,25.19,24.79,24.93,37156877
1082.0,2024-04-23,24.66,25.04,24.63,24.99,37046803
1083.0,2024-04-24,24.88,25.05,24.78,24.9,19783642
1084.0,2024-04-25,24.86,25.22,24.81,25.06,32678392
1085.0,2024-04-26,25.19,25.22,24.75,24.89,26821268
1086.0,2024-04-29,24.87,25.0775,24.68,24.83,23922201
1087.0,2024-04-30,24.24,24.37,24.02,24.05,32400081
1088.0,2024-05-01,24.18,24.65,24.09,24.27,42815391
1089.0,2024-05-02,23.95,24.47,23.9201,24.36,24968826
1090.0,2024-05-03,24.21,24.3,23.87,24.22,26859138
1091.0,2024-05-06,24.99,25.13,24.83,25.07,27627359
1092.0,2024-05-07,25.03,25.1,24.875,24.92,14811473
1093.0,2024-05-08,24.89,25.12,24.8218,24.95,16967362
1094.0,2024-05-09,25.32,25.88,25.3,25.86,32734879
1095.0,2024-05-10,25.98,26.05,25.6203,25.77,24489749
1096.0,2024-05-13,25.83,25.9262,25.65,25.8,15222898
1097.0,2024-05-14,26.0,26.27,25.855,26.13,20065027
1098.0,2024-05-15,26.58,27.18,26.0685,27.12,39872396
1099.0,2024-05-16,26.98,27.17,26.79,27.06,19821317
1100.0,2024-05-17,27.86,28.84,27.55,28.79,52708096
1101.0,2024-05-20,28.93,29.56,28.41,28.98,58184710
1102.0,2024-05-21,29.1,29.51,28.82,29.27,30700263
1103.0,2024-05-22,29.06,29.06,28.105,28.22,48609703
1104.0,2024-05-23,28.11,28.28,27.47,27.55,39911249
1105.0,2024-05-24,27.93,27.99,27.61,27.74,14534572
1106.0,2024-05-28,29.3,29.34,28.69,29.24,31041747
1107.0,2024-05-29,29.07,29.47,28.98,29.17,20708374
1108.0,2024-05-30,28.83,29.05,28.315,28.42,22268883
1109.0,2024-05-31,28.77,28.855,27.58,27.76,31957555
1110.0,2024-06-03,27.82,28.145,27.56,27.89,18155950
1111.0,2024-06-04,27.31,27.31,26.84,27.02,28858394
1112.0,2024-06-05,27.12,27.455,26.895,27.4,18175268
1113.0,2024-06-06,27.82,28.63,27.6855,28.53,27649958
1114.0,2024-06-07,27.29,27.3,26.61,26.67,43868915
1115.0,2024-06-10,27.07,27.24,26.85,27.12,17099226
1116.0,2024-06-11,26.73,26.81,26.56,26.71,13338933
1117.0,2024-06-12,27.5,27.5699,26.94,27.03,27934783
1118.0,2024-06-13,26.79,26.93,26.17,26.43,21680284
1119.0,2024-06-14,26.63,27.03,26.5,27.01,25973295
1120.0,2024-06-17,26.9,26.936,26.56,26.92,15015951
1121.0,2024-06-18,26.65,27.01,26.65,26.96,12033453
1122.0,2024-06-20,27.51,28.12,27.41,28.0,22897974
1123.0,2024-06-21,27.55,27.565,26.91,26.98,26983546
1124.0,2024-06-24,27.06,27.14,26.8801,27.0,12836322
1125.0,2024-06-25,26.78,26.7897,26.34,26.4,15555859
1126.0,2024-06-26,26.16,26.4451,26.09,26.31,13855742
1127.0,2024-06-27,26.56,26.66,26.3515,26.45,11124585
1128.0,2024-06-28,26.88,26.89,26.54,26.57,10426509
1129.0,2024-07-01,26.72,26.92,26.6,26.85,12587332
1130.0,2024-07-02,26.85,27.23,26.775,26.97,12171953
1131.0,2024-07-03,27.71,28.01,27.68,27.84,16834191
1132.0,2024-07-05,28.16,28.75,28.0848,28.48,23018614
1133.0,2024-07-08,28.35,28.51,27.79,28.13,19742929
1134.0,2024-07-09,28.32,28.4299,27.87,28.12,14035893
1135.0,2024-07-10,28.29,28.46,27.99,28.16,13142642
1136.0,2024-07-11,28.75,28.91,28.4799,28.68,20141467
1137.0,2024-07-12,28.0,28.3093,27.94,28.12,15380038
1138.0,2024-07-15,28.09,28.39,27.87,28.03,13426733
1139.0,2024-07-16,28.03,28.6797,27.98,28.61,17280195
1140.0,2024-07-17,28.25,28.36,27.43,27.67,34443429
1141.0,2024-07-18,27.76,27.79,27.1401,27.2,15566197
1142.0,2024-07-19,26.4,26.74,26.365,26.69,20111207
1143.0,2024-07-22,26.44,26.66,26.31,26.63,12069803
1144.0,2024-07-23,26.49,26.68,26.42,26.68,10184534
1145.0,2024-07-24,26.73,26.89,26.41,26.43,12474500
1146.0,2024-07-25,25.24,25.54,25.17,25.41,31711429
1147.0,2024-07-26,25.39,25.525,25.21,25.48,12442433
1148.0,2024-07-29,25.54,25.575,24.93,25.44,16616685
1149.0,2024-07-30,25.57,25.935,25.33,25.83,14896287
1150.0,2024-07-31,26.23,26.5,26.06,26.39,23227941
1151.0,2024-08-01,26.53,26.555,25.75,26.03,19796814
1152.0,2024-08-02,26.44,26.4997,25.5,26.04,25324992
1153.0,2024-08-05,24.63,25.0374,24.54,24.86,36392880
1154.0,2024-08-06,24.53,24.89,24.48,24.64,18307955
1155.0,2024-08-07,24.68,24.77,24.25,24.33,12709862
1156.0,2024-08-08,24.72,25.18,24.635,25.01,17704433
1157.0,2024-08-09,25.1,25.2499,24.88,25.0,15934047
1158.0,2024-08-12,25.38,25.6,25.12,25.49,15323079
1159.0,2024-08-13,25.21,25.44,25.1101,25.42,11860542
1160.0,2024-08-14,25.26,25.41,24.8044,25.13,14114371
1161.0,2024-08-15,25.8,26.0187,25.46,25.86,17205980
1162.0,2024-08-16,25.86,26.44,25.77,26.43,19315681
1163.0,2024-08-19,26.45,26.895,26.3701,26.83,20102848
1164.0,2024-08-20,27.3,27.355,26.73,26.87,20454476
1165.0,2024-08-21,26.92,27.1399,26.66,26.95,18449498
1166.0,2024-08-22,26.92,26.93,26.2612,26.39,23972696
1167.0,2024-08-23,26.71,27.27,26.63,27.2,21713299
1168.0,2024-08-26,27.4,27.42,27.125,27.32,8812373
1169.0,2024-08-27,27.25,27.46,27.1,27.36,10591710
1170.0,2024-08-28,26.86,26.86,26.53,26.69,11564233
1171.0,2024-08-29,26.71,27.05,26.63,26.81,11793832
1172.0,2024-08-30,26.68,26.8,26.185,26.35,15762114
1173.0,2024-09-03,25.83,25.846,25.2701,25.58,17149088
1174.0,2024-09-04,25.62,25.8799,25.58,25.68,11322409
1175.0,2024-09-05,26.38,26.61,26.15,26.23,14573642
1176.0,2024-09-06,26.25,26.345,25.27,25.48,23805424
1177.0,2024-09-09,25.72,25.88,25.585,25.85,8774848
1178.0,2024-09-10,25.96,25.96,25.575,25.94,9395367
1179.0,2024-09-11,26.05,26.215,25.62,26.12,11052157
1180.0,2024-09-12,26.64,27.28,26.565,27.27,22552650
1181.0,2024-09-13,27.87,28.205,27.7601,28.02,28629437
1182.0,2024-09-16,28.27,28.29,27.9,28.07,14701627
1183.0,2024-09-17,28.02,28.27,27.835,27.96,15504327
1184.0,2024-09-18,27.95,28.5,27.09,27.24,35165906
1185.0,2024-09-19,28.25,28.39,27.92,28.09,18852818
1186.0,2024-09-20,28.4,28.595,28.18,28.41,21649446
1187.0,2024-09-23,28.23,28.3,27.93,27.98,24206300
1188.0,2024-09-24,28.27,29.44,28.165,29.38,41629944
1189.0,2024-09-25,29.1,29.416,28.8,29.06,26626986
1190.0,2024-09-26,29.32,29.4597,28.9446,29.26,23692036
1191.0,2024-09-27,29.34,29.465,28.59,28.86,27109632
1192.0,2024-09-30,28.51,28.54,28.17,28.41,16606177
1193.0,2024-10-01,28.78,29.06,28.545,28.58,23796392
1194.0,2024-10-02,29.13,29.46,28.68,29.0,21103120
1195.0,2024-10-03,28.91,29.37,28.79,29.23,18907409
1196.0,2024-10-04,29.23,30.07,28.98,29.36,39104902
1197.0,2024-10-07,29.01,29.08,28.705,28.93,20871950
1198.0,2024-10-08,28.41,28.53,27.47,28.01,39037162
1199.0,2024-10-09,27.62,27.9899,27.56,27.86,20157868
1200.0,2024-10-10,27.97,28.43,27.92,28.38,18329138
1201.0,2024-10-11,28.6,28.87,28.59,28.8,17096611
1202.0,2024-10-14,28.47,28.755,28.295,28.54,13515674
1203.0,2024-10-15,28.52,28.9,28.42,28.71,16871728
1204.0,2024-10-16,29.12,29.35,28.77,28.91,17789696
1205.0,2024-10-17,28.92,29.195,28.55,28.89,15369539
1206.0,2024-10-18,29.47,30.72,29.419,30.64,45090394
1207.0,2024-10-21,31.13,31.23,30.5107,30.85,36669689
1208.0,2024-10-22,31.4,31.8,31.24,31.74,37066103
1209.0,2024-10-23,31.1,31.11,30.4801,30.71,37351702
1210.0,2024-10-24,31.19,31.23,30.295,30.69,29251535
1211.0,2024-10-25,30.58,31.02,30.47,30.63,19517548
1212.0,2024-10-28,30.71,30.99,30.615,30.73,16296856
1213.0,2024-10-29,31.17,31.51,31.055,31.39,22508751
1214.0,2024-10-30,30.74,30.975,30.4546,30.81,20900078
1215.0,2024-10-31,30.34,30.36,29.62,29.81,33075021
1216.0,2024-11-01,30.06,30.185,29.475,29.54,22164872
1217.0,2024-11-04,29.8,29.885,29.43,29.63,13044450
1218.0,2024-11-05,29.95,30.015,29.6913,29.75,12188524
1219.0,2024-11-06,28.19,28.6499,28.105,28.43,33037962
1220.0,2024-11-07,28.921,29.2999,28.79,29.11,21432198
1221.0,2024-11-08,28.97,29.0301,28.43,28.48,20235195
1222.0,2024-11-11,27.97,28.02,27.72,27.97,24582565
1223.0,2024-11-12,28.0,28.0887,27.79,28.07,16561238
1224.0,2024-11-13,28.25,28.28,27.595,27.61,16530469
1225.0,2024-11-14,27.59,27.935,27.51,27.81,18059874
1226.0,2024-11-15,28.04,28.075,27.5,27.57,18838435
1227.0,2024-11-18,28.18,28.495,28.16,28.38,15763434
1228.0,2024-11-19,28.46,28.53,28.29,28.5,12751082
1229.0,2024-11-20,28.39,28.4501,28.05,28.1,11137947
1230.0,2024-11-21,28.27,28.3,27.92,28.04,11030532
1231.0,2024-11-22,28.27,28.55,28.2001,28.47,13173879
1232.0,2024-11-25,27.72,27.74,27.4,27.63,22478397
1233.0,2024-11-26,27.8,27.83,27.6,27.8,10484676
1234.0,2024-11-27,27.75,27.835,27.315,27.45,22858646
1235.0,2024-11-29,27.97,28.015,27.815,27.92,9663876
1236.0,2024-12-02,27.85,27.8699,27.61,27.79,9925388
1237.0,2024-12-03,28.23,28.33,27.99,28.28,14543616
1238.0,2024-12-04,28.361,28.6899,28.3,28.53,22762388
1240.0,2024-12-06,28.32,28.495,28.08,28.25,13195508
1242.0,2024-12-10,29.17,29.25,28.97,28.99,43997024
1243.0,2024-12-11,28.95,29.3382,28.9,29.04,23582343
1244.0,2024-12-12,28.62,28.6355,28.12,28.2,34794107
1245.0,2024-12-13,27.84,27.87,27.59,27.75,20326690
1246.0,2024-12-16,27.91,27.91,27.76,27.8,9124917
1247.0,2024-12-17,27.71,27.84,27.47,27.81,17504682
1248.0,2024-12-18,27.556,27.635,26.77,26.85,27794511
1249.0,2024-12-19,26.57,26.65,26.19,26.52,31083850
1250.0,2024-12-20,26.61,27.06,26.58,26.92,17487646
1251.0,2024-12-23,26.93,27.07,26.79,26.99,14473868
1252.0,2024-12-24,27.0,27.05,26.88,27.02,3967749
1253.0,2024-12-26,27.12,27.21,26.93,27.14,8274160
1254.0,2024-12-27,26.89,26.96,26.72,26.76,9643547
1255.0,2024-12-30,26.6,26.61,26.24,26.43,18853855
1256.0,2024-12-31,26.23,26.4399,26.22,26.33,8008410
1257.0,2025-01-02,26.72,26.96,26.7,26.93,12368024
1258.0,2025-01-03,27.19,27.23,26.9101,26.98,8637568
1259.0,2025-01-06,27.13,27.485,27.07,27.24,13037034
1260.0,2025-01-07,27.64,27.6762,27.31,27.33,17407684
1261.0,2025-01-08,27.61,27.65,27.145,27.4,12926267
1262.0,2025-01-10,27.93,27.94,27.55,27.61,24079103
1263.0,2025-01-13,27.0,27.185,26.87,26.96,16965391
1264.0,2025-01-14,27.03,27.305,27.01,27.2,11798038
1265.0,2025-01-15,27.69,27.98,27.465,27.96,19890722
1266.0,2025-01-16,27.98,28.2,27.8801,28.04,20900116
1267.0,2025-01-17,27.5,27.755,27.44,27.61,18974590
1268.0,2025-01-21,27.94,28.07,27.85,28.04,15214406
1269.0,2025-01-22,27.96,28.16,27.82,28.05,21195097
1270.0,2025-01-23,27.52,27.7799,27.4123,27.77,23481070
1271.0,2025-01-24,27.94,28.08,27.805,27.91,13750110
1272.0,2025-01-27,27.5,27.74,27.05,27.46,22691539
1273.0,2025-01-28,27.53,27.76,27.385,27.63,15636495
1274.0,2025-01-29,28.06,28.21,27.85,28.0,28857813
1275.0,2025-01-30,28.65,28.9,28.53,28.72,38787658
1276.0,2025-01-31,28.77,28.845,28.39,28.51,26121557
1277.0,2025-02-03,28.55,28.85,28.2,28.67,31728850
1278.0,2025-02-04,29.11,29.48,29.0212,29.22,41977317
1279.0,2025-02-05,29.36,29.625,29.31,29.35,34873726
1280.0,2025-02-06,29.24,29.41,28.905,29.38,17723150
1281.0,2025-02-07,29.57,29.74,28.94,29.03,26954012
1282.0,2025-02-10,29.15,29.36,29.075,29.2,14171332
1283.0,2025-02-11,28.86,29.1099,28.82,29.0,13779087
1284.0,2025-02-12,29.2,29.47,29.07,29.34,16716625
1285.0,2025-02-13,29.19,29.48,29.12,29.46,17030678
1286.0,2025-02-14,30.24,30.275,29.2,29.31,34965914
1287.0,2025-02-18,29.62,29.96,29.57,29.91,20511069
1288.0,2025-02-19,29.75,29.84,29.53,29.81,13660551
1289.0,2025-02-20,29.98,30.13,29.88,29.95,15420400
1290.0,2025-02-21,30.02,30.03,29.5799,29.59,15515828
1291.0,2025-02-24,29.57,29.615,29.21,29.44,13995203
1292.0,2025-02-25,29.17,29.3,28.47,28.83,22142398
1293.0,2025-02-26,28.78,29.1,28.66,28.94,10231022
1294.0,2025-02-27,28.94,28.94,28.3842,28.4,16680008
1295.0,2025-02-28,28.18,28.4,28.04,28.31,13691961
1296.0,2025-03-03,28.86,28.9899,28.66,28.75,16521966
1297.0,2025-03-04,29.04,29.14,28.64,29.0,13767860
1298.0,2025-03-05,29.23,29.78,29.21,29.77,25486330
1299.0,2025-03-06,29.5,29.83,29.47,29.69,16888484
1300.0,2025-03-07,29.39,29.675,29.22,29.59,18786435
1301.0,2025-03-10,29.56,29.5799,29.06,29.11,15888985
1302.0,2025-03-11,29.59,30.02,29.58,29.96,23227815
1303.0,2025-03-12,30.02,30.335,29.935,30.22,18764800
1304.0,2025-03-13,30.2,30.9,30.13,30.74,37624032
1305.0,2025-03-14,30.91,30.93,30.5101,30.71,23520653
1306.0,2025-03-17,30.42,30.85,30.42,30.81,20973689
1307.0,2025-03-18,31.1,31.15,30.815,30.85,20424556
1308.0,2025-03-19,30.68,30.88,30.445,30.75,23258471
1309.0,2025-03-20,30.27,30.5385,30.23,30.5,12842059
1310.0,2025-03-21,30.21,30.25,29.7211,30.02,17198896
1311.0,2025-03-24,30.13,30.24,29.92,29.96,17493688
1312.0,2025-03-25,30.55,30.755,30.515,30.58,19168007
1313.0,2025-03-26,30.71,30.7599,30.48,30.53,13648352
1314.0,2025-03-27,30.77,31.38,30.68,31.32,34298437
1315.0,2025-03-28,31.39,31.41,30.86,31.0,25160215
1316.0,2025-03-31,30.77,31.02,30.48,30.99,18403275
1317.0,2025-04-01,30.87,30.91,30.435,30.63,22261813
1318.0,2025-04-02,30.74,30.9651,30.64,30.76,20976578
1319.0,2025-04-03,28.949,29.505,28.855,28.89,46008085
1320.0,2025-04-04,27.96,28.02,26.57,27.08,73174467
1321.0,2025-04-07,27.3,27.835,26.92,27.14,37531574
1322.0,2025-04-08,27.63,27.7794,26.96,27.14,19629434
1323.0,2025-04-09,27.61,28.24,27.45,28.06,38180143
1324.0,2025-04-10,28.11,28.42,27.805,28.28,23059806
1325.0,2025-04-11,28.79,29.37,28.68,29.19,36908492
1326.0,2025-04-14,29.1,29.46,28.88,29.38,29268890
1327.0,2025-04-15,29.36,29.46,29.2,29.41,24273711
1328.0,2025-04-16,29.85,30.02,29.7,29.76,21282458
1329.0,2025-04-17,29.54,29.69,29.17,29.55,13649370
1330.0,2025-04-21,29.95,30.0079,29.55,29.79,17295370
1331.0,2025-04-22,29.79,30.15,29.5,29.5,27253642
1332.0,2025-04-23,29.81,30.62,29.71,30.56,31975021
1333.0,2025-04-24,30.31,30.59,30.13,30.56,15405484
1334.0,2025-04-25,29.96,30.1,29.79,30.05,19325993
1335.0,2025-04-28,30.08,30.2,29.83,30.19,18288042
1336.0,2025-04-29,30.45,30.5,29.82,29.83,24967338
1337.0,2025-04-30,29.68,29.81,29.442,29.6,22126718
1338.0,2025-05-01,29.41,29.55,29.17,29.39,14830500
1339.0,2025-05-02,29.62,29.645,29.04,29.12,14040923
1340.0,2025-05-05,29.55,29.56,29.25,29.48,10052317
1341.0,2025-05-06,30.2,30.24,30.0,30.22,17870815
1342.0,2025-05-07,29.77,29.87,29.32,29.49,14119054
1343.0,2025-05-08,29.6,29.7798,29.36,29.46,13209301
1344.0,2025-05-09,29.7,29.89,29.65,29.8,8963013
1345.0,2025-05-12,29.67,29.7403,29.425,29.63,14641979
1346.0,2025-05-13,29.69,30.005,29.6148,29.93,13094082
1347.0,2025-05-14,29.43,29.51,29.16,29.25,14048461
1348.0,2025-05-15,29.25,29.62,29.18,29.61,10062161
1349.0,2025-05-16,29.2,29.38,29.095,29.3,9275626
1350.0,2025-05-19,29.43,29.53,29.305,29.42,11078106
1351.0,2025-05-20,29.53,30.13,29.5,30.13,14474144
1352.0,2025-05-21,30.18,30.525,30.1,30.51,19504905
1353.0,2025-05-22,30.01,30.11,29.78,30.03,15320486
1354.0,2025-05-23,30.19,30.5,30.02,30.45,15098114
1355.0,2025-05-27,30.04,30.25,29.98,30.23,12300990
1356.0,2025-05-28,30.15,30.225,29.96,29.98,11211747
1357.0,2025-05-29,30.29,30.32,30.0501,30.3,12212700
1358.0,2025-05-30,30.12,30.19,29.78,30.0,14305416
1359.0,2025-06-02,30.85,31.6,30.72,31.59,37873272
1360.0,2025-06-03,31.27,31.47,31.07,31.44,23158775
1361.0,2025-06-04,31.32,31.43,31.23,31.34,19730517
1362.0,2025-06-05,32.625,32.775,32.09,32.45,51938525
1363.0,2025-06-06,32.92,32.98,32.5499,32.69,30260243
1364.0,2025-06-09,33.1,33.54,33.0,33.39,33931372
1365.0,2025-06-10,33.31,33.36,33.01,33.23,29120894
1366.0,2025-06-11,32.92,33.04,32.75,32.95,34712147
1367.0,2025-06-12,32.85,33.06,32.79,33.06,21111556
1368.0,2025-06-13,33.02,33.0585,32.79,32.97,21713076
1369.0,2025-06-16,33.1,33.145,32.895,33.03,14883297
1370.0,2025-06-17,33.63,33.865,33.4501,33.74,26824895
1371.0,2025-06-18,33.735,33.75,33.205,33.27,21945621
1372.0,2025-06-20,32.78,32.79,32.57,32.72,25415247
1373.0,2025-06-23,32.81,33.045,32.78,32.96,18661946
1374.0,2025-06-24,32.55,32.63,32.06,32.61,20982356
1375.0,2025-06-25,32.53,33.01,32.49,33.01,12254294
1376.0,2025-06-26,33.13,33.365,33.0,33.34,15255188
1377.0,2025-06-27,32.56,32.9,32.53,32.62,17596326
1378.0,2025-06-30,32.72,32.82,32.62,32.81,10565323
1379.0,2025-07-01,32.93,33.12,32.71,32.73,13436387
1380.0,2025-07-02,33.03,33.24,32.93,33.24,13673472
1381.0,2025-07-03,33.415,33.55,33.29,33.51,10356220
1382.0,2025-07-07,33.06,33.44,33.02,33.43,12132961
1383.0,2025-07-08,33.33,33.36,32.97,33.29,17473123
1384.0,2025-07-09,33.09,33.1399,32.96,33.0,17764093
1385.0,2025-07-10,33.31,33.76,33.1108,33.75,44301493
1386.0,2025-07-11,34.2,35.07,34.15,35.03,57917773
1387.0,2025-07-14,35.22,35.29,34.61,34.63,40685412
1388.0,2025-07-15,34.69,34.7197,34.125,34.26,34082255
1389.0,2025-07-16,34.39,34.565,34.05,34.41,26483168
1390.0,2025-07-17,34.3,34.68,34.175,34.65,14813461
1391.0,2025-07-18,34.79,34.86,34.605,34.61,18305346
1392.0,2025-07-21,35.11,35.49,35.09,35.35,28710465
1393.0,2025-07-22,35.55,35.72,35.17,35.72,25205278
1394.0,2025-07-23,35.76,35.91,35.465,35.69,21882762
1395.0,2025-07-24,35.36,35.5499,35.24,35.49,11319791
1396.0,2025-07-25,35.28,35.39,34.475,34.66,24958313
1397.0,2025-07-28,34.65,34.685,34.43,34.64,16543351
1398.0,2025-07-29,34.64,34.7799,34.48,34.66,10705702
1399.0,2025-07-30,34.12,34.295,33.4,33.51,35325633
1400.0,2025-07-31,33.3,33.35,33.1001,33.32,15454449
1401.0,2025-08-01,33.76,33.77,33.39,33.59,16787158
1402.0,2025-08-04,33.93,34.049,33.8501,33.98,9725836
1403.0,2025-08-05,34.01,34.41,33.9906,34.35,16451157
1404.0,2025-08-06,34.39,34.465,34.29,34.35,8747632
1405.0,2025-08-07,34.85,34.99,34.52,34.76,21996134
1406.0,2025-08-08,34.78,34.89,34.51,34.88,15786088
1407.0,2025-08-11,34.34,34.43,34.18,34.18,10749335
1408.0,2025-08-12,34.24,34.5318,34.11,34.41,12143898
1409.0,2025-08-13,34.87,35.04,34.85,35.0,13185609
1410.0,2025-08-14,34.65,34.7454,34.35,34.5,15819732
1411.0,2025-08-15,34.34,34.52,34.2201,34.5,13881745
1412.0,2025-08-18,34.66,34.68,34.4701,34.55,8670779
1413.0,2025-08-19,34.47,34.54,33.85,33.87,18812899
1414.0,2025-08-20,34.21,34.45,34.195,34.43,10903379
1415.0,2025-08-21,34.48,34.69,34.45,34.61,10597930
1416.0,2025-08-22,34.46,35.4651,34.4001,35.34,26003276
1417.0,2025-08-25,35.07,35.35,35.02,35.02,10286441
1418.0,2025-08-26,34.9,35.1,34.88,35.02,13836602
1419.0,2025-08-27,34.73,35.08,34.61,34.99,10084235
1420.0,2025-08-28,35.41,35.52,35.225,35.52,21079110
1421.0,2025-08-29,35.35,36.29,35.32,36.19,28952948
1422.0,2025-09-02,36.625,37.17,36.43,37.15,35875343
1423.0,2025-09-03,37.33,37.64,37.18,37.34,27291243
1424.0,2025-09-04,37.2,37.22,36.6301,36.93,45258540
1425.0,2025-09-05,37.41,37.6,36.97,37.21,25435548
1426.0,2025-09-08,37.565,37.825,37.36,37.5,25131199
1427.0,2025-09-09,37.43,37.58,37.0101,37.18,24001241
1428.0,2025-09-10,37.35,37.485,37.24,37.41,17743557
1429.0,2025-09-11,37.37,37.915,37.325,37.79,19051458
,2025-09-12,38.24,38.445,38.15,38.34,19902339
,2025-09-15,38.3,38.79,38.25,38.76,22225103
,2025-09-16,39.0,39.01,38.34,38.6,25319748
,2025-09-17,38.04,38.34,37.35,37.79,31045451
,2025-09-18,37.855,38.0,37.61,37.99,13289167
,2025-09-19,38.26,39.12,38.19,39.04,36776297
,2025-09-22,39.5,40.05,39.34,40.04,32055377
,2025-09-23,40.31,40.36,39.79,39.96,28492555
,2025-09-24,40.13,40.16,39.635,39.82,31533206
,2025-09-25,40.46,41.055,40.115,41.03,36395828
,2025-09-26,41.23,42.33,41.09,41.86,44578528
,2025-09-29,42.455,42.75,42.18,42.5,41290337
,2025-09-30,41.79,42.46,41.7,42.37,34884238
,2025-10-01,43.03,43.4,42.87,42.91,44341795
,2025-10-02,43.57,43.59,41.66,42.53,58242299
,2025-10-03,43.33,43.95,43.045,43.52,47523541
,2025-10-06,44.005,44.26,43.885,44.06,34113998
,2025-10-07,43.97,43.99,42.95,43.39,42769077
,2025-10-08,44.43,45.01,44.275,44.56,59455736
,2025-10-09,46.27,46.35,42.8149,44.71,110701732
,2025-10-10,45.48,45.995,44.88,45.43,67016996
,2025-10-13,46.94,47.44,46.58,47.26,57830361
,2025-10-14,45.99,47.26,45.77,46.8,57821452
,2025-10-15,47.75,48.405,47.42,48.33,41672865
,2025-10-16,48.1,49.25,48.0,49.17,48852997
,2025-10-17,48.46,48.59,45.88,46.99,86492640
,2025-10-20,47.76,47.83,47.06,47.72,35933500
,2025-10-21,45.19,45.38,43.3101,43.79,81395272
,2025-10-22,43.74,44.13,43.28,43.88,43269984
,2025-10-23,44.72,44.865,44.17,44.18,24565616
,2025-10-24,44.08,44.39,43.84,43.99,24014018
,2025-10-27,42.97,43.06,41.7,42.4,42914130
,2025-10-28,42.36,42.9099,42.23,42.7,27782021
,2025-10-29,43.84,43.935,42.83,43.23,27351682
,2025-10-30,43.68,44.435,43.54,44.34,30333235
,2025-10-31,44.48,44.52,43.89,44.01,21310920
,2025-11-03,44.254,44.358,43.56,43.76,17946703
,2025-11-04,43.04,43.435,42.51,42.74,26679118
,2025-11-05,43.49,43.79,43.35,43.65,16178517
,2025-11-06,43.66,43.9,43.235,43.55,15957872
,2025-11-07,44.02,44.23,43.51,43.92,16493113
,2025-11-10,45.17,45.87,45.005,45.79,20763791
,2025-11-11,46.28,46.48,45.6,46.45,19693674
,2025-11-12,47.1,48.6999,46.89,48.32,51559721
,2025-11-13,48.29,48.4151,47.21,47.42,39328401
,2025-11-14,45.77,46.705,45.4,45.96,31793455
,2025-11-17,45.81,46.26,44.945,45.47,23581992
,2025-11-18,45.87,46.44,45.59,46.1,20909398
,2025-11-19,46.8,47.5,45.69,46.45,30797069
,2025-11-20,46.26,46.635,45.535,45.78,28460425
,2025-11-21,44.9,45.95,44.76,45.3,26351872
,2025-11-24,45.41,46.635,45.355,46.63,21486797
,2025-11-25,46.55,46.77,45.97,46.67,24006639
,2025-11-26,47.31,48.45,47.145,48.4,26280261
,2025-11-28,49.67,51.27,49.58,51.21,41350005
,2025-12-01,51.99,53.36,51.61,52.52,66064098
,2025-12-02,52.83,53.2,51.765,53.13,43952652
,2025-12-03,52.99,53.389,52.42,53.07,33817721
,2025-12-04,52.28,52.36,51.135,51.76,48740293
,2025-12-05,52.71,53.82,52.53,52.95,43566006
,2025-12-08,52.89,52.965,52.26,52.71,19711177
,2025-12-09,53.39,55.185,53.36,55.17,59738851
,2025-12-10,55.13,56.215,54.48,56.07,54915013
,2025-12-11,56.77,58.295,56.465,57.62,67910898
,2025-12-12,58.53,58.56,55.13,56.1,78667365
,2025-12-15,57.84,58.2,57.02,58.11,43227804
,2025-12-16,57.61,57.99,57.1001,57.73,32461256
,2025-12-17,59.27,60.64,59.045,60.26,65127976
,2025-12-18,59.82,60.025,58.58,59.32,47603353
,2025-12-19,59.79,61.16,59.69,60.93,42610049
,2025-12-22,62.6,62.82,61.74,62.47,50621723
,2025-12-23,63.68,64.875,62.37,64.84,75680003
,2025-12-24,65.08,65.525,63.605,65.22,58825951
,2025-12-26,67.83,71.225,67.345,71.12,139161231
,2025-12-29,65.657,66.485,63.92,66.01,153207910
,2025-12-30,69.105,70.76,68.0307,68.98,117759249
,2025-12-31,65.54,66.88,63.53,64.42,114745335
,2026-01-02,67.3,67.36,64.745,65.75,75553309
,2026-01-05,69.45,70.6,68.52,69.08,103313332
,2026-01-06,71.43,73.84,71.35,73.71,105539107
,2026-01-07,69.82,71.545,69.22,70.96,93679522
,2026-01-08,67.24,69.77,66.92,69.71,77918290
,2026-01-09,71.31,72.99,70.8713,72.38,90650134
,2026-01-12,76.11,78.18,76.0,77.23,105429635
,2026-01-13,80.03,80.8,77.86,78.6,140656895
,2026-01-14,83.34,84.78,81.28,84.56,177419386
,2026-01-15,80.74,84.33,80.54,83.32,160702110
,2026-01-16,80.33,81.52,78.745,81.02,132767200
,2026-01-20,86.19,86.33,84.3805,85.39,101272337
,2026-01-21,85.6,85.895,81.89,83.96,141683940
,2026-01-22,84.79,87.52,84.71,87.13,86965023
,2026-01-23,90.19,92.9799,89.665,92.91,143739120
,2026-01-26,99.37,106.7,96.51,98.34,393030303
,2026-01-27,97.98,101.74,95.07,101.59,215489730
,2026-01-28,102.78,106.45,100.0,105.6,184566001
,2026-01-29,109.53,109.83,96.74,105.57,246351280
,2026-01-30,89.33,92.14,69.12,75.44,510687680
,2026-02-02,73.8,74.92,68.26,72.44,220063248
,2026-02-03,79.05,80.72,74.91,76.96,175508757
,2026-02-04,82.6,82.8,75.76,79.18,130805780
,2026-02-05,68.23,70.52,65.51,66.69,170927953
,2026-02-06,67.72,70.84,67.455,70.19,71262667
,2026-02-09,72.88,76.16,72.55,76.04,88229115
,2026-02-10,74.72,75.245,72.455,73.41,68588500
,2026-02-11,76.92,76.99,74.8,76.56,75806854
,2026-02-12,75.185,75.67,67.355,67.73,128437737
,2026-02-13,71.21,71.3199,68.86,69.72,69570804
,2026-02-17,67.27,67.7,65.14,66.37,82561695
,2026-02-18,69.66,70.97,69.07,70.09,63749363
,2026-02-19,70.68,71.67,69.85,71.01,49022455
,2026-02-20,73.11,76.68,72.25,76.62,86636800
,2026-02-23,78.4,80.695,77.905,80.57,94752135
,2026-02-24,78.23,79.9399,77.94,79.08,56012584
,2026-02-25,81.86,82.73,79.88,80.04,64933066
,2026-02-26,78.76,80.57,72.5169,80.45,52050402
,2026-02-27,83.25,85.27,82.36,84.99,69525169
,2026-03-02,81.17,82.3738,78.34,81.57,96957596
,2026-03-03,74.21,76.14,71.68,74.68,89651703
,2026-03-04,76.34,77.06,74.41,75.34,39022460
,2026-03-05,74.94,75.52,73.01,74.27,49446275
,2026-03-06,75.09,76.97,74.58,75.94,40550717
,2026-03-09,76.43,78.56,75.2375,78.26,34865493
,2026-03-10,80.89,81.2788,78.7312,80.09,37263668
,2026-03-11,78.03,78.0636,76.45,77.91,30665410
,2026-03-12,78.53,78.54,76.36,76.48,29762309
,2026-03-13,76.07,76.28,71.915,72.69,46251908
,2026-03-16,73.26,73.96,72.01,73.22,37193131
,2026-03-17,73.16,73.72,70.84,71.66,32991836
,2026-03-18,69.51,70.55,68.66,68.7,46745879
,2026-03-19,61.9,65.74,60.8501,65.68,96191604
,2026-03-20,64.68,64.96,61.25,61.52,56912251
